player,club,age,pos,pos_group,min,market_value,goals_per90,xg_90,xag_90,output_index_v0,value_index_mv,value_index_mv_log
Aaron Cresswell,West Ham United,33.0,"DF,FW",ATT,436.0,900000.0,0.0,0.0,0.09,0.007094594592996712,1.41863519156103,0.009836301705535297
Aaron Hickey,Brentford,21.0,DF,DEF,713.0,28000000.0,0.0,0.03,0.01,0.0026458734268545274,0.017009076971427145,0.0029329821940454383
Aaron Ramsdale,Arsenal,25.0,GK,GK,540.0,25000000.0,0.0,0.0,0.0,0.0,0.0,0.0
Aaron Ramsey,Burnley,20.0,"MF,FW",ATT,527.0,15000000.0,0.0,0.06,0.07,0.009233188294262784,0.1107969299679938,0.010621715184779201
Aaron Wan-Bissaka,Manchester United,25.0,DF,DEF,1780.0,20000000.0,0.0,0.01,0.08,0.006925501351133893,0.062328951199644246,0.007830653500605179
Abdoulaye Doucouré,Everton,30.0,"FW,MF",ATT,2629.0,10000000.0,0.2397260273972603,0.3,0.1,0.06960941918279186,1.252946992244393,0.0820920061738573
Adam Lallana,Brighton,35.0,"MF,FW",ATT,850.0,1000000.0,0.0,0.09,0.18,0.019761944602224767,3.556509856626265,0.027190000284843474
Adam Smith,Bournemouth,32.0,DF,DEF,2150.0,1000000.0,0.0,0.0,0.05,0.003941441440553729,0.7093317795793469,0.005422937673820065
Adam Webster,Brighton,28.0,DF,DEF,1144.0,20000000.0,0.0,0.03,0.01,0.0026458734268545274,0.023812646527871996,0.0029916849281625474
Adam Wharton,Crystal Palace,19.0,MF,MID,1297.0,30000000.0,0.0,0.02,0.17,0.014639290990378535,0.08783521893095764,0.016162798310939405
Adama Traoré,Fulham,27.0,"FW,MF",ATT,377.0,9000000.0,0.47619047619047616,0.36,0.17,0.12140620824280807,2.4280756033440944,0.1441192387442493
Albert Sambi Lokonga,Luton Town,23.0,MF,MID,1303.0,15000000.0,0.06896551724137931,0.04,0.1,0.02277345616458193,0.27327819463664754,0.026198227247628887
Alejandro Garnacho,Manchester United,19.0,FW,ATT,2565.0,45000000.0,0.24561403508771928,0.29,0.18,0.07635637182528857,0.30542426560409186,0.08236305672646577
Alejo Véliz,Tottenham Hotspur,19.0,FW,ATT,50.0,9000000.0,1.6666666666666667,0.45,0.0,0.32786377696115676,6.557144396335208,0.38920149662326164
Aleksandar Mitrović,Fulham,28.0,FW,ATT,33.0,28000000.0,0.0,0.44,0.0,0.0272445820349088,0.1751426157361697,0.030200943545358478
Alex Iwobi,Everton,27.0,MF,MID,140.0,25000000.0,0.0,0.21,0.14,0.024039132004756915,0.17308050425461916,0.026824949027428015
Alex Iwobi,Everton,27.0,MF,MID,140.0,25000000.0,0.0,0.21,0.14,0.024039132004756915,0.17308050425461916,0.026824949027428015
Alex Iwobi,Fulham,27.0,"FW,MF",ATT,2192.0,25000000.0,0.20491803278688525,0.22,0.19,0.06548501437844381,0.471488708806092,0.07307386025479372
Alex Iwobi,Fulham,27.0,"FW,MF",ATT,2192.0,25000000.0,0.20491803278688525,0.22,0.19,0.06548501437844381,0.471488708806092,0.07307386025479372
Alex Matos,Chelsea,18.0,MF,MID,1.0,1200000.0,0.0,0.0,0.0,0.0,0.0,0.0
Álex Moreno,Aston Villa,30.0,DF,DEF,1031.0,13000000.0,0.17391304347826086,0.1,0.1,0.04537918115715195,0.6283184239208497,0.052659552038785064
Alex Murphy,Newcastle United,19.0,"DF,FW",ATT,13.0,250000.0,0.0,0.0,0.0,0.0,0.0,0.0
Alex Scott,Bournemouth,19.0,MF,MID,1014.0,20000000.0,0.08849557522123894,0.06,0.15,0.03146869813260007,0.2832157342517924,0.03558160755411399
Alexander Isak,Newcastle United,23.0,FW,ATT,2255.0,75000000.0,0.8366533864541832,0.81,0.15,0.21257673256925722,0.5101829337271764,0.22283979217699593
Alexis Mac Allister,Liverpool,24.0,MF,MID,2599.0,75000000.0,0.17301038062283738,0.13,0.12,0.048650863558205984,0.11676179231139282,0.05099969405640342
Alfie Doughty,Luton Town,23.0,DF,DEF,2925.0,10000000.0,0.06153846153846154,0.04,0.19,0.02853118073158819,0.5135520092324213,0.033647484668913694
Alfie Gilchrist,Chelsea,19.0,DF,DEF,207.0,5000000.0,0.4347826086956522,0.14,0.0,0.08692960018138403,3.1293529498236317,0.10712492284482797
Alisson,Liverpool,30.0,GK,GK,2520.0,28000000.0,0.0,0.0,0.0,0.0,0.0,0.0
Alphonse Areola,West Ham United,30.0,GK,GK,2699.0,10000000.0,0.0,0.0,0.0,0.0,0.0,0.0
Amad Diallo,Manchester United,21.0,"FW,MF",ATT,390.0,18000000.0,0.23255813953488372,0.12,0.24,0.0682097245691679,0.6820904247874311,0.07761103680693286
Amadou Diallo,Newcastle United,20.0,MF,MID,1.0,400000.0,0.0,0.0,0.0,0.0,0.0,0.0
Amadou Onana,Everton,21.0,MF,MID,2091.0,50000000.0,0.08620689655172414,0.09,0.11,0.029761167958553,0.1071398189474426,0.03191157879539815
Amari'i Bell,Luton Town,29.0,DF,DEF,1720.0,13000000.0,0.0,0.01,0.02,0.002195771622469419,0.030402570737058675,0.0025480484017171906
Ameen Al-Dakhil,Burnley,21.0,DF,DEF,1056.0,12000000.0,0.08547008547008547,0.11,0.01,0.022984049175299483,0.3447555662959978,0.026802445148958517
Anass Zaroury,Burnley,22.0,"FW,MF",ATT,152.0,9000000.0,0.0,0.1,0.02,0.007768527038700764,0.15536743342534676,0.0092218859248328
Andre Brooks,Sheffield United,19.0,"MF,DF",MID,938.0,2500000.0,0.0,0.04,0.01,0.0032650684731024547,0.23506800516700474,0.004212917666530403
André Gomes,Everton,30.0,"MF,FW",ATT,508.0,10000000.0,0.17857142857142858,0.05,0.07,0.04075685037801486,0.7336101018224347,0.04806550107928629
André Onana,Manchester United,27.0,GK,GK,3420.0,35000000.0,0.0,0.0,0.0,0.0,0.0,0.0
Andreas Pereira,Fulham,27.0,MF,MID,2613.0,20000000.0,0.10344827586206896,0.16,0.24,0.047446729302348875,0.42701672057065476,0.05364794230281588
Andrew Omobamidele,Nottingham Forest,21.0,DF,DEF,783.0,11000000.0,0.0,0.02,0.01,0.0020266783806066,0.03316328537434733,0.002376058736835063
Andrew Robertson,Liverpool,29.0,DF,DEF,1693.0,30000000.0,0.15957446808510636,0.1,0.29,0.05777571506152068,0.34665221045586136,0.06378841915386482
Andrey Santos,Nottingham Forest,19.0,MF,MID,8.0,15000000.0,0.0,0.64,0.0,0.039628482959867345,0.4755360890853391,0.04558798605527572
Andros Townsend,Luton Town,32.0,"MF,FW",ATT,1210.0,1800000.0,0.07462686567164178,0.09,0.1,0.026888474112861188,2.688578553430776,0.035485485155034635
Anel Ahmedhodžić,Sheffield United,24.0,DF,DEF,2649.0,18000000.0,0.06802721088435375,0.11,0.03,0.021420908327345153,0.2142069412040395,0.02437334141330048
Angelo Ogbonna,West Ham United,35.0,DF,DEF,635.0,700000.0,0.0,0.01,0.0,0.0006191950462479273,0.15918065115345612,0.0008745133179024609
Anis Ben Slimane,Sheffield United,22.0,MF,MID,419.0,13000000.0,0.0,0.17,0.06,0.01525604551487924,0.21123462849577954,0.017703636385916613
Ansu Fati,Brighton,20.0,"MF,FW",ATT,521.0,25000000.0,0.3448275862068966,0.59,0.14,0.10963750925459195,0.789384383065504,0.12234304452700792
Anthony Elanga,Nottingham Forest,21.0,"FW,MF",ATT,2433.0,22000000.0,0.18518518518518517,0.24,0.25,0.06790122163271889,0.5555509043057557,0.07634298389354793
Anthony Gordon,Newcastle United,22.0,FW,ATT,2890.0,60000000.0,0.3426791277258567,0.32,0.25,0.10120369164868362,0.3036101641155586,0.10741153507914762
Anthony Martial,Manchester United,27.0,FW,ATT,448.0,10000000.0,0.2,0.25,0.05,0.055421317582351914,0.9975657602986491,0.06535964814167645
Antoine Semenyo,Bournemouth,23.0,FW,ATT,2105.0,10000000.0,0.3418803418803419,0.2,0.14,0.08495839847235513,1.529223646476756,0.10019341425043449
Antonee Robinson,Fulham,25.0,DF,DEF,3265.0,25000000.0,0.0,0.02,0.11,0.009909561261714057,0.0713483273763841,0.011057948168721446
Antony,Manchester United,23.0,FW,ATT,1324.0,25000000.0,0.06802721088435375,0.23,0.19,0.04146386149209221,0.29853765327196036,0.04626897388747694
Antwoine Hackford,Sheffield United,19.0,FW,ATT,13.0,13000000.0,0.0,0.0,0.0,0.0,0.0,0.0
Arijanet Muric,Burnley,24.0,GK,GK,900.0,7000000.0,0.0,0.0,0.02,0.0,0.0,0.0
Armando Broja,Chelsea,21.0,FW,ATT,454.0,22000000.0,0.2,0.47,0.03,0.06746703202358481,0.5519984729327335,0.07585481402649953
Armando Broja,Chelsea,21.0,FW,ATT,454.0,22000000.0,0.2,0.47,0.03,0.06746703202358481,0.5519984729327335,0.07585481402649953
Armando Broja,Fulham,21.0,FW,ATT,88.0,22000000.0,0.0,0.0,0.41,0.032319819812540576,0.2644327258348479,0.03633795422323034
Armando Broja,Fulham,21.0,FW,ATT,88.0,22000000.0,0.0,0.0,0.41,0.032319819812540576,0.2644327258348479,0.03633795422323034
Arnaut Danjuma,Everton,26.0,"MF,FW",ATT,595.0,13000000.0,0.15151515151515152,0.4,0.17,0.06544143000961795,0.9060995618315464,0.07594047096508405
Ashley Young,Everton,38.0,"DF,MF",MID,2280.0,500000.0,0.0,0.02,0.06,0.005968119821160329,2.147749945637289,0.00864513702814154
Auston Trusty,Sheffield United,24.0,DF,DEF,2572.0,7000000.0,0.0,0.01,0.04,0.00377234819869091,0.09700074509003537,0.0045494928419522115
Axel Disasi,Chelsea,25.0,DF,DEF,2579.0,40000000.0,0.06968641114982578,0.08,0.01,0.018285402660045382,0.08228394169246661,0.01985656755030946
Aymeric Laporte,Manchester City,29.0,DF,DEF,12.0,20000000.0,0.0,0.27,0.0,0.016718266248694037,0.1504630420708677,0.018903317389859585
Bart Verbruggen,Brighton,20.0,GK,GK,1890.0,18000000.0,0.0,0.0,0.0,0.0,0.0,0.0
Ben Brereton,Sheffield United,24.0,"FW,MF",ATT,1105.0,13000000.0,0.4878048780487805,0.49,0.12,0.12760489473713593,1.7668125404943986,0.14807707903638231
Ben Chilwell,Chelsea,26.0,DF,DEF,756.0,28000000.0,0.0,0.14,0.26,0.029164226138350374,0.187483105640859,0.03232889188829635
Ben Davies,Tottenham Hotspur,30.0,DF,DEF,1090.0,10000000.0,0.08264462809917356,0.19,0.03,0.029005603794943685,0.5220914706625144,0.03420698281590624
Ben Doak,Liverpool,17.0,FW,ATT,14.0,10000000.0,0.0,0.0,0.0,0.0,0.0,0.0
Ben Godfrey,Everton,25.0,DF,DEF,1120.0,10000000.0,0.0,0.14,0.02,0.010245307223692475,0.18441221060667362,0.012082528969992401
Ben Johnson,West Ham United,23.0,"DF,FW",ATT,544.0,8000000.0,0.0,0.03,0.0,0.0018575851387437816,0.04179472524041717,0.0022214476555708134
Ben Mee,Brentford,33.0,DF,DEF,1272.0,1000000.0,0.14184397163120568,0.1,0.02,0.03330044192210502,5.993000805833852,0.04581730409493791
Ben Osborn,Sheffield United,28.0,"DF,MF",MID,1367.0,1000000.0,0.0,0.01,0.06,0.005348924774912401,0.9626331855108402,0.007359461281816437
Ben Parkinson,Newcastle United,18.0,FW,ATT,25.0,250000.0,0.0,0.0,0.0,0.0,0.0,0.0
Ben White,Arsenal,25.0,DF,DEF,2988.0,55000000.0,0.12048192771084336,0.03,0.11,0.032215503287239086,0.10543221116190957,0.03435852884097648
Benicio Boaitey,Brighton,19.0,"FW,DF",ATT,40.0,13000000.0,0.0,0.05,0.13,0.013343722976679332,0.18475668304610243,0.015484511984651199
Bénie Adama Traore,Sheffield United,20.0,"FW,MF",ATT,387.0,13000000.0,0.0,0.06,0.13,0.013962918022927259,0.1933300342092884,0.016203047068991557
Benoît Badiashile,Chelsea,22.0,DF,DEF,1338.0,30000000.0,0.0,0.02,0.1,0.009121272973603312,0.05472730947776301,0.010070521551096022
Benson Manuel,Burnley,26.0,"MF,FW",ATT,116.0,5000000.0,0.0,0.05,0.03,0.005460840095571873,0.19658316644659535,0.006729492286694722
Bernardo Silva,Manchester City,28.0,"MF,FW",ATT,2578.0,70000000.0,0.2097902097902098,0.13,0.27,0.06709555712734605,0.1725309889620611,0.0706035185340604
Bernd Leno,Fulham,31.0,GK,GK,3420.0,13000000.0,0.0,0.0,0.0,0.0,0.0,0.0
Bertrand Traoré,Aston Villa,27.0,"DF,FW",ATT,11.0,9000000.0,0.0,0.0,0.0,0.0,0.0,0.0
Beto,Everton,25.0,FW,ATT,951.0,20000000.0,0.2830188679245283,0.64,0.09,0.0976664737589018,0.87899035291694,0.11043132848522091
Billy Gilmour,Brighton,22.0,MF,MID,2120.0,18000000.0,0.0,0.04,0.09,0.00957137477798842,0.09571279065197769,0.010890592578689108
Bobby Clark,Liverpool,18.0,MF,MID,89.0,1000000.0,0.0,0.14,0.0,0.008668730647470983,1.5600907002187374,0.011927105025253048
Bobby Reid,Fulham,30.0,FW,ATT,1423.0,13000000.0,0.37974683544303794,0.28,0.11,0.09436306281656523,1.3065473944962103,0.10950212168261891
Boubacar Kamara,Aston Villa,23.0,MF,MID,1652.0,38000000.0,0.0,0.01,0.07,0.006137213063023148,0.02907087154177077,0.006684136871857318
Boubacar Traoré,Wolverhampton,21.0,MF,MID,819.0,6000000.0,0.0,0.03,0.04,0.005010738291186765,0.15031763920642674,0.0061026904993196195
Brandon Aguilera,Nottingham Forest,20.0,FW,ATT,5.0,300000.0,0.0,0.0,0.0,0.0,0.0,0.0
Brennan Johnson,Nottingham Forest,22.0,"FW,MF",ATT,237.0,48000000.0,0.0,0.12,0.08,0.013736646859861092,0.051512232553607026,0.014763192257795672
Brennan Johnson,Nottingham Forest,22.0,"FW,MF",ATT,237.0,48000000.0,0.0,0.12,0.08,0.013736646859861092,0.051512232553607026,0.014763192257795672
Brennan Johnson,Tottenham Hotspur,22.0,FW,ATT,2085.0,48000000.0,0.21551724137931036,0.44,0.35,0.09362777555154352,0.3511028416826319,0.10062461860151187
Brennan Johnson,Tottenham Hotspur,22.0,FW,ATT,2085.0,48000000.0,0.21551724137931036,0.44,0.35,0.09362777555154352,0.3511028416826319,0.10062461860151187
Bruno Fernandes,Manchester United,28.0,"MF,FW",ATT,3118.0,70000000.0,0.2890173410404624,0.29,0.34,0.09678157950342922,0.248866278781244,0.10184161716187672
Bruno Guimarães,Newcastle United,25.0,MF,MID,3263.0,85000000.0,0.1928374655647383,0.13,0.18,0.056949468574985077,0.12059861924406882,0.05928970293009459
Bryan Gil,Tottenham Hotspur,22.0,"FW,MF",ATT,209.0,14000000.0,0.0,0.32,0.09,0.026908836072930382,0.3459663013709444,0.031085297655294573
Bryan Mbeumo,Brentford,23.0,FW,ATT,1960.0,40000000.0,0.4128440366972477,0.45,0.21,0.1187297577072622,0.5342815054159056,0.12893155802893738
Bukayo Saka,Arsenal,21.0,FW,ATT,2919.0,140000000.0,0.4938271604938272,0.48,0.32,0.1438354762927777,0.18493108889359988,0.14576248300370118
Callum Hudson-Odoi,Nottingham Forest,22.0,"FW,MF",ATT,1854.0,18000000.0,0.3883495145631068,0.13,0.14,0.08898848422817156,0.8898759435222803,0.10125372252195916
Callum Wilson,Newcastle United,31.0,FW,ATT,991.0,13000000.0,0.8181818181818182,0.8,0.05,0.2007497723542061,2.7795737461909837,0.23295689376701048
Calum Chambers,Aston Villa,28.0,"MF,DF",MID,152.0,4000000.0,0.0,0.0,0.06,0.0047297297286644745,0.21282826051817802,0.005914087176707182
Calvin Bassey,Fulham,23.0,DF,DEF,2303.0,16000000.0,0.0390625,0.01,0.0,0.007650445043435428,0.08606653849009055,0.008766710740959817
Cameron Archer,Aston Villa,22.0,MF,MID,6.0,13000000.0,0.0,0.0,0.0,0.0,0.0,0.0
Cameron Archer,Aston Villa,22.0,MF,MID,6.0,13000000.0,0.0,0.0,0.0,0.0,0.0,0.0
Cameron Archer,Sheffield United,22.0,"FW,MF",ATT,1832.0,13000000.0,0.19607843137254904,0.27,0.14,0.06304841991518566,0.8729660346805521,0.07316354030252548
Cameron Archer,Sheffield United,22.0,"FW,MF",ATT,1832.0,13000000.0,0.19607843137254904,0.27,0.14,0.06304841991518566,0.8729660346805521,0.07316354030252548
Caoimhín Kelleher,Liverpool,24.0,GK,GK,900.0,20000000.0,0.0,0.0,0.0,0.0,0.0,0.0
Carlos Baleba,Brighton,19.0,MF,MID,1325.0,22000000.0,0.0,0.06,0.02,0.005291746853709055,0.04329575638324913,0.005949638829867205
Carlos Vinícius,Fulham,28.0,FW,ATT,315.0,4000000.0,0.5714285714285714,0.46,0.23,0.1494707455699518,6.7258808860079595,0.1868992670576385
Carlton Morris,Luton Town,27.0,"FW,MF",ATT,2862.0,13000000.0,0.34591194968553457,0.36,0.09,0.09164976717641266,1.2689792058074796,0.10635352073134978
Carney Chukwuemeka,Chelsea,19.0,"MF,FW",ATT,227.0,15000000.0,0.4,0.06,0.13,0.08596291799412727,1.0315426374178782,0.09889039433469654
Casemiro,Manchester United,31.0,"MF,DF",MID,1982.0,20000000.0,0.045454545454545456,0.16,0.05,0.022030380359066022,0.19827163878684512,0.024909716471304848
Cauley Woodrow,Luton Town,28.0,"FW,MF",ATT,427.0,1000000.0,0.2127659574468085,0.3,0.25,0.07658093091531284,13.782086789134267,0.10536592300570057
Cédric Soares,Arsenal,31.0,DF,DEF,62.0,2000000.0,0.0,0.0,0.0,0.0,0.0,0.0
Cesare Casadei,Chelsea,20.0,"FW,MF",ATT,79.0,10000000.0,0.0,0.0,0.12,0.009459459457328949,0.17026720542222348,0.011155760431403955
Charlie Taylor,Burnley,29.0,DF,DEF,2331.0,3000000.0,0.03861003861003861,0.01,0.05,0.011510443433828683,0.6905851709194658,0.01467036361759672
Cheick Doucouré,Crystal Palace,23.0,MF,MID,919.0,35000000.0,0.0,0.03,0.07,0.007375603155519002,0.03793147829506649,0.00807091702694007
Cheikhou Kouyaté,Nottingham Forest,33.0,MF,MID,212.0,0.0,0.0,0.12,0.02,0.009006917131196618,9006.917131196618,9006.917131196618
Chiedozie Ogbene,Luton Town,26.0,"MF,DF",MID,1995.0,8000000.0,0.1801801801801802,0.19,0.14,0.055233174331720515,1.2427184612983324,0.06605221105069271
Chris Basham,Sheffield United,35.0,"DF,MF",MID,321.0,300000.0,0.0,0.04,0.07,0.00799479820176693,4.794002519548429,0.012049965266873783
Chris Mepham,Bournemouth,25.0,DF,DEF,617.0,6000000.0,0.0,0.01,0.06,0.005348924774912401,0.16046292935949125,0.006514575399566913
Chris Richards,Crystal Palace,23.0,"DF,MF",MID,2094.0,12000000.0,0.04291845493562232,0.03,0.02,0.011159483600287162,0.16738974315816005,0.013013435744335135
Chris Wood,Nottingham Forest,31.0,FW,ATT,1812.0,7000000.0,0.6965174129353233,0.59,0.1,0.1697885248879441,4.365878374531789,0.20476680251610516
Christian Eriksen,Manchester United,31.0,MF,MID,1141.0,8000000.0,0.07874015748031496,0.08,0.18,0.03331597789676424,0.7495926368428665,0.03984188904626255
Christian Nørgaard,Brentford,29.0,MF,MID,2505.0,18000000.0,0.07194244604316546,0.12,0.07,0.025897998854340274,0.25897739876941506,0.029467507089431248
Christopher Nkunku,Chelsea,25.0,"FW,MF",ATT,443.0,65000000.0,0.6122448979591836,0.47,0.05,0.1432476902027777,0.3966848128189797,0.15135806763293266
Clément Lenglet,Aston Villa,28.0,DF,DEF,1153.0,10000000.0,0.0,0.07,0.06,0.009064095052399966,0.16315077422926327,0.010689497998081181
Cody Gakpo,Liverpool,24.0,"FW,MF",ATT,1649.0,50000000.0,0.4371584699453552,0.49,0.16,0.12164169443460889,0.4379085234939074,0.13043098718980853
Cole Palmer,Chelsea,21.0,"FW,MF",ATT,2607.0,80000000.0,0.7586206896551724,0.63,0.38,0.2055159669451381,0.4624098852043191,0.2146740757477304
Cole Palmer,Chelsea,21.0,"FW,MF",ATT,2607.0,80000000.0,0.7586206896551724,0.63,0.38,0.2055159669451381,0.4624098852043191,0.2146740757477304
Cole Palmer,Manchester City,21.0,MF,MID,11.0,80000000.0,0.0,0.0,0.0,0.0,0.0,0.0
Cole Palmer,Manchester City,21.0,MF,MID,11.0,80000000.0,0.0,0.0,0.0,0.0,0.0,0.0
Connor Roberts,Burnley,27.0,DF,DEF,823.0,7000000.0,0.0,0.0,0.02,0.0015765765762214914,0.04053949808717325,0.0019013684502396312
Conor Bradley,Liverpool,20.0,DF,DEF,753.0,15000000.0,0.11904761904761904,0.1,0.17,0.04102142278036195,0.4922511663503472,0.04719040220572123
Conor Gallagher,Chelsea,23.0,MF,MID,3128.0,50000000.0,0.14367816091954025,0.12,0.15,0.045116733831808725,0.16241965708374592,0.048376670185452324
Craig Dawson,Wolverhampton,33.0,DF,DEF,2209.0,2000000.0,0.04081632653061224,0.06,0.06,0.015791838778723463,1.4211375877022185,0.02068959476764279
Cristian Romero,Tottenham Hotspur,25.0,DF,DEF,2790.0,60000000.0,0.16129032258064516,0.11,0.01,0.036631691849741174,0.10989474586498595,0.03887868307991885
Curtis Jones,Liverpool,22.0,MF,MID,1167.0,35000000.0,0.07692307692307693,0.2,0.05,0.03017149620612766,0.1551668967731874,0.03301582763113808
Daiki Hashioka,Luton Town,24.0,DF,DEF,595.0,2000000.0,0.0,0.02,0.1,0.009121272973603312,0.8208406919620216,0.011950187956779506
Dan Burn,Newcastle United,31.0,DF,DEF,2726.0,8000000.0,0.066006600660066,0.1,0.04,0.02122629172898166,0.47758081833367483,0.02538408335334574
Dane Scarlett,Tottenham Hotspur,19.0,FW,ATT,22.0,1800000.0,0.0,0.0,0.0,0.0,0.0,0.0
Dango Ouattara,Bournemouth,21.0,"FW,DF",ATT,1229.0,20000000.0,0.07299270072992702,0.19,0.11,0.033574563174060205,0.3021683490514004,0.03796270584904277
Daniel Bentley,Wolverhampton,30.0,GK,GK,383.0,2000000.0,0.0,0.0,0.0,0.0,0.0,0.0
Daniel Gore,Manchester United,18.0,MF,MID,1.0,900000.0,0.0,0.0,0.0,0.0,0.0,0.0
Daniel Jebbison,Sheffield United,19.0,FW,ATT,21.0,1000000.0,0.0,0.0,0.0,0.0,0.0,0.0
Daniel Muñoz,Crystal Palace,27.0,"DF,MF",MID,1439.0,18000000.0,0.0,0.08,0.15,0.016777884691644603,0.16777716914475457,0.01909037215104517
Danilo,Nottingham Forest,22.0,MF,MID,1792.0,28000000.0,0.10050251256281408,0.09,0.08,0.02996951397518766,0.19265992274098875,0.03322156304276386
Danny Ings,West Ham United,31.0,FW,ATT,404.0,8000000.0,0.2222222222222222,0.28,0.06,0.06206719100760644,1.3964803768626652,0.07422487027698545
Danny Welbeck,Brighton,32.0,"FW,MF",ATT,1693.0,5000000.0,0.26595744680851063,0.28,0.09,0.07230439629432166,2.602864563471295,0.08910201885444533
Dara O'Shea,Burnley,24.0,DF,DEF,2892.0,13000000.0,0.09345794392523364,0.02,0.06,0.022790549720973413,0.315557088423023,0.02644693245715322
Darwin Núñez,Liverpool,24.0,FW,ATT,2047.0,70000000.0,0.4845814977973568,0.72,0.27,0.15309049667747526,0.3936602649013981,0.16109453713964822
David Brooks,Bournemouth,26.0,"FW,MF",ATT,282.0,8000000.0,0.3225806451612903,0.7,0.33,0.12742168285081595,2.8669233583677953,0.15238095564721013
David Datro Fofana,Burnley,20.0,FW,ATT,879.0,12000000.0,0.4081632653061224,0.46,0.19,0.1169298373272231,1.7539212510895803,0.13635567550941352
David Ozoh,Crystal Palace,18.0,"MF,DF",MID,156.0,700000.0,0.0,0.0,0.0,0.0,0.0,0.0
David Raya,Arsenal,27.0,GK,GK,2880.0,35000000.0,0.0,0.0,0.0,0.0,0.0,0.0
Davinson Sánchez,Tottenham Hotspur,27.0,DF,DEF,77.0,17000000.0,0.0,0.14,0.0,0.008668730647470983,0.09178558794934977,0.009897400923850863
Dean Henderson,Crystal Palace,26.0,GK,GK,1620.0,12000000.0,0.0,0.0,0.0,0.0,0.0,0.0
Declan Rice,Arsenal,24.0,MF,MID,3225.0,120000000.0,0.19553072625698326,0.09,0.15,0.0525926104500713,0.07888879734191094,0.053738847306946565
Deivid Washington,Chelsea,18.0,"DF,FW",ATT,13.0,9000000.0,0.0,3.23,0.0,0.19999999993808049,3.9999200003616022,0.2374165881392112
Dejan Kulusevski,Tottenham Hotspur,23.0,"FW,MF",ATT,2762.0,55000000.0,0.26058631921824105,0.15,0.25,0.07590067033700873,0.2484013808802366,0.08094970137736618
Destiny Udogie,Tottenham Hotspur,20.0,DF,DEF,2391.0,45000000.0,0.07518796992481203,0.09,0.08,0.025412896302169943,0.10165117860396536,0.027412038703313612
Diego Carlos,Aston Villa,30.0,DF,DEF,1816.0,16000000.0,0.0,0.1,0.0,0.006191950462479273,0.06965865904297758,0.007095409262953462
Diogo Dalot,Manchester United,24.0,DF,DEF,3174.0,35000000.0,0.056657223796034,0.05,0.08,0.0196005818153324,0.10080247378041576,0.021448370550268093
Diogo Jota,Liverpool,26.0,FW,ATT,1145.0,50000000.0,0.7874015748031497,0.42,0.26,0.18823397084116636,0.6776398555247191,0.2018349280120327
Divin Mubama,West Ham United,18.0,FW,ATT,80.0,1000000.0,0.0,0.17,0.0,0.010526315786214765,1.8943958502656097,0.01448291324495013
Divock Origi,Nottingham Forest,28.0,FW,ATT,606.0,5000000.0,0.0,0.21,0.31,0.037440032902639586,1.3477926639591227,0.04613803155236403
Dominic Calvert-Lewin,Everton,26.0,FW,ATT,2171.0,22000000.0,0.2904564315352697,0.54,0.13,0.09596643789826345,0.7851735222933368,0.10789738456278396
Dominic Sadi,Bournemouth,19.0,FW,ATT,1.0,100000.0,0.0,0.0,0.0,0.0,0.0,0.0
Dominic Solanke,Bournemouth,25.0,FW,ATT,3325.0,40000000.0,0.5149051490514905,0.53,0.08,0.13180657054822123,0.5931268983959528,0.14313199005369284
Dominik Szoboszlai,Liverpool,22.0,MF,MID,2104.0,75000000.0,0.12820512820512822,0.16,0.25,0.05269125101042779,0.1264586989241493,0.055235148658069735
Donny van de Beek,Manchester United,26.0,DF,DEF,3.0,5000000.0,0.0,1.09,4.44,0.41749225996219524,15.029180308147936,0.5144832835241848
Douglas Luiz,Aston Villa,25.0,MF,MID,2993.0,70000000.0,0.2702702702702703,0.21,0.16,0.07426435721016761,0.19096499891614807,0.07814712546102602
Dwight McNeil,Everton,23.0,"MF,FW",ATT,2892.0,22000000.0,0.09345794392523364,0.11,0.27,0.044917359187530426,0.36750265923985515,0.050501672083937646
Eberechi Eze,Crystal Palace,25.0,"MF,FW",ATT,2055.0,55000000.0,0.4824561403508772,0.4,0.23,0.12974053770488528,0.4246040065119669,0.13837108074430857
Eddie Nketiah,Arsenal,24.0,FW,ATT,1082.0,30000000.0,0.4166666666666667,0.38,0.07,0.10404742974419647,0.6242808327801821,0.11487561951137913
Ederson,Manchester City,29.0,GK,GK,2785.0,40000000.0,0.0,0.0,0.0,0.0,0.0,0.0
Edson Álvarez,West Ham United,25.0,MF,MID,2377.0,35000000.0,0.03787878787878788,0.05,0.02,0.011490733622915673,0.05909489757266451,0.0125739896376918
Elijah Adebayo,Luton Town,25.0,FW,ATT,1419.0,12000000.0,0.6329113924050632,0.37,0.04,0.13998742045095805,2.09977981006722,0.16324387098045393
Elliot Anderson,Newcastle United,20.0,"MF,FW",ATT,1027.0,15000000.0,0.0,0.13,0.17,0.021450436499105732,0.2574021491634788,0.02467624614828513
Emerson,Tottenham Hotspur,24.0,DF,DEF,1161.0,12000000.0,0.07751937984496124,0.02,0.03,0.017556743323339716,0.2633471996421011,0.020473487779684274
Emerson Palmieri,West Ham United,28.0,DF,DEF,3137.0,13000000.0,0.02865329512893983,0.04,0.07,0.01315239132291306,0.1821075122132425,0.015262484197431335
Emil Krafth,Newcastle United,28.0,DF,DEF,913.0,2500000.0,0.0,0.02,0.1,0.009121272973603312,0.6566843728245951,0.011769178002942877
Emile Smith Rowe,Arsenal,23.0,MF,MID,353.0,22000000.0,0.0,0.5,0.06,0.03568948204106084,0.29200246395215634,0.04012654687374402
Emiliano Martínez,Aston Villa,30.0,GK,GK,3015.0,28000000.0,0.0,0.0,0.0,0.0,0.0,0.0
Enes Ünal,Bournemouth,26.0,"FW,MF",ATT,328.0,18000000.0,0.5555555555555556,0.8,0.28,0.17160767572693506,1.7160595966733838,0.19526027588177125
Enso Gonzalez,Wolverhampton,18.0,"MF,DF",MID,1.0,4000000.0,0.0,0.0,0.0,0.0,0.0,0.0
Enzo Fernández,Chelsea,22.0,MF,MID,2209.0,75000000.0,0.12244897959183673,0.25,0.14,0.048556728507462905,0.11653586873182602,0.050901014229638636
Eric Dier,Tottenham Hotspur,29.0,DF,DEF,201.0,12000000.0,0.0,0.0,0.0,0.0,0.0,0.0
Erling Haaland,Manchester City,23.0,FW,ATT,2552.0,180000000.0,0.9507042253521127,1.03,0.15,0.2467281745801273,0.24672792785219946,0.24672792786517936
Ethan Nwaneri,Arsenal,16.0,FW,ATT,14.0,8000000.0,0.0,0.0,0.15,0.011824324321661184,0.26604131130787223,0.014140464948393537
Ethan Pinnock,Brentford,30.0,DF,DEF,2521.0,12000000.0,0.07142857142857142,0.07,0.04,0.020344661328178474,0.30516534244254045,0.02372456938130163
Ethan Wheatley,Manchester United,17.0,FW,ATT,16.0,13000000.0,0.0,0.0,0.0,0.0,0.0,0.0
Evan Ferguson,Brighton,18.0,FW,ATT,1367.0,50000000.0,0.39473684210526316,0.3,0.04,0.09278163609040711,0.3340126874797907,0.09948562821823272
Ezri Konsa,Aston Villa,25.0,DF,DEF,3069.0,35000000.0,0.029325513196480937,0.07,0.02,0.011189534273212115,0.05754588031199213,0.012244395581616984
Fabian Schär,Newcastle United,31.0,DF,DEF,3054.0,10000000.0,0.11799410029498525,0.07,0.02,0.027149879944558752,0.4886890425992908,0.032018484541229734
Fábio Silva,Wolverhampton,21.0,FW,ATT,264.0,11000000.0,0.0,0.35,0.07,0.02718984463545267,0.44491744993095395,0.0318771189930583
Fabio Vieira,Arsenal,23.0,"MF,FW",ATT,297.0,22000000.0,0.30303030303030304,0.38,0.49,0.11670099239848414,0.954818489290867,0.1312097451092912
Facundo Buonanotte,Brighton,18.0,"FW,MF",ATT,1364.0,18000000.0,0.19736842105263158,0.16,0.12,0.05489289597255894,0.5489234704908844,0.06245875638224088
Facundo Pellistri,Manchester United,21.0,"FW,MF",ATT,172.0,8000000.0,0.0,0.38,0.05,0.027470853197974966,0.6180802901479083,0.03285182528669482
Felipe,Nottingham Forest,34.0,DF,DEF,375.0,900000.0,0.0,0.03,0.01,0.0026458734268545274,0.5290688715965861,0.003668371597566741
Finley Munroe,Aston Villa,18.0,MF,MID,4.0,100000.0,0.0,0.0,0.0,0.0,0.0,0.0
Fodé Ballo-Touré,Fulham,26.0,"DF,MF",MID,71.0,3000000.0,0.0,0.0,0.0,0.0,0.0,0.0
Frank Onyeka,Brentford,25.0,MF,MID,1161.0,9000000.0,0.07751937984496124,0.17,0.14,0.035515840186276834,0.7103025976735832,0.04216024802266938
Fred Onyedinma,Luton Town,26.0,"DF,MF",MID,407.0,500000.0,0.0,0.04,0.02,0.0040533567612132,1.4586833080458554,0.005871501523878458
Gabriel Jesus,Arsenal,26.0,FW,ATT,1478.0,65000000.0,0.24390243902439027,0.39,0.23,0.08618167643704558,0.23865628923901758,0.09106109838429301
Gabriel Magalhães,Arsenal,25.0,DF,DEF,3044.0,70000000.0,0.1183431952662722,0.13,0.02,0.03092788731685283,0.07952864859823945,0.032544892074601706
Gabriel Martinelli,Arsenal,22.0,FW,ATT,2019.0,70000000.0,0.26785714285714285,0.31,0.27,0.08869311590767588,0.2280674258749286,0.09333026389431301
Gabriel Osho,Luton Town,24.0,DF,DEF,1846.0,3000000.0,0.0975609756097561,0.05,0.01,0.02144523912208209,1.2866371490959796,0.02733252264310093
George Baldock,Sheffield United,30.0,DF,DEF,969.0,2500000.0,0.0,0.0,0.07,0.0055180180167752205,0.39726869386185787,0.007119898335551971
George Earthy,West Ham United,18.0,FW,ATT,34.0,1000000.0,2.5,0.82,0.0,0.50077399361233,90.12309669281468,0.6890032991706992
Gio Reyna,Nottingham Forest,20.0,"FW,MF",ATT,235.0,13000000.0,0.0,0.11,0.18,0.021000334694720624,0.2907698389599,0.024369505784135433
Giovani Lo Celso,Tottenham Hotspur,27.0,MF,MID,506.0,16000000.0,0.35714285714285715,0.1,0.34,0.09727946651824464,1.0943816865362785,0.11147337692885084
Gonzalo Montiel,Nottingham Forest,26.0,DF,DEF,801.0,10000000.0,0.0,0.01,0.15,0.012443519367909111,0.22397931699465812,0.014674931651023399
Guglielmo Vicario,Tottenham Hotspur,26.0,GK,GK,3420.0,35000000.0,0.0,0.0,0.0,0.0,0.0,0.0
Gustavo Hamer,Sheffield United,26.0,MF,MID,2910.0,15000000.0,0.12383900928792571,0.09,0.19,0.04284125455324573,0.5140888855723219,0.0492839081713468
Hamed Junior Traorè,Bournemouth,23.0,MF,MID,47.0,13000000.0,0.0,0.34,0.07,0.02657064958920475,0.3678962080568773,0.030833489478391148
Hannes Delcroix,Burnley,24.0,DF,DEF,589.0,4000000.0,0.0,0.05,0.03,0.005460840095571873,0.2457267465971374,0.006828272699714994
Hannibal Mejbri,Manchester United,20.0,"MF,FW",ATT,133.0,13000000.0,0.6666666666666666,0.02,0.25,0.1409455972472645,1.9515274022750155,0.1635580859684641
Han-Noah Massengo,Burnley,22.0,"MF,DF",MID,16.0,4000000.0,0.0,0.0,0.0,0.0,0.0,0.0
Harrison Reed,Fulham,28.0,MF,MID,1325.0,15000000.0,0.0,0.02,0.07,0.006756408109271075,0.08107592440016011,0.007772466056324468
Harry Maguire,Manchester United,30.0,DF,DEF,1653.0,18000000.0,0.10869565217391305,0.11,0.07,0.03189438090898068,0.31894061968361,0.03629036748493403
Harry Toffolo,Nottingham Forest,27.0,DF,DEF,1459.0,5000000.0,0.0617283950617284,0.1,0.1,0.0251859444502534,0.906661360400148,0.031037096114302665
Harry Wilson,Fulham,26.0,FW,ATT,1620.0,17000000.0,0.2222222222222222,0.19,0.19,0.06674218333681478,0.7066744587778871,0.07620194626883814
Harvey Barnes,Newcastle United,25.0,"FW,MF",ATT,802.0,35000000.0,0.5617977528089887,0.4,0.36,0.15426977568707245,0.7933833375620651,0.16881311712159275
Harvey Elliott,Liverpool,20.0,"MF,FW",ATT,1352.0,35000000.0,0.2,0.18,0.23,0.06527614144460984,0.33570414380811103,0.07142986279624175
Hjalmar Ekdal,Burnley,24.0,DF,DEF,437.0,7000000.0,0.0,0.01,0.01,0.0014074833343586729,0.03619149795927549,0.0016974401665927645
Hugo Bueno,Wolverhampton,20.0,"DF,MF",MID,741.0,6000000.0,0.0,0.03,0.09,0.008952179731740494,0.26855733523215786,0.010903060391955734
Hwang Hee-chan,Wolverhampton,27.0,"FW,MF",ATT,2119.0,13000000.0,0.5106382978723404,0.33,0.13,0.12259607785187661,1.6974606515708084,0.14226467681368402
Ian Maatsen,Chelsea,21.0,"FW,MF",ATT,209.0,40000000.0,0.0,0.35,0.04,0.024824979771120435,0.11171190626646377,0.026958054844338625
Ibrahim Sangaré,Nottingham Forest,25.0,MF,MID,1035.0,30000000.0,0.0,0.06,0.03,0.0060800351418198,0.03647999197096698,0.006712782865320738
Ibrahima Konaté,Liverpool,24.0,DF,DEF,1574.0,45000000.0,0.0,0.04,0.02,0.0040533567612132,0.016213362191404037,0.004372219958542336
Idrissa Gana Gueye,Everton,33.0,MF,MID,1884.0,13000000.0,0.19138755980861244,0.06,0.05,0.04210637246981163,0.583003238767932,0.048861673033715726
Igor,Brighton,25.0,DF,DEF,1637.0,13000000.0,0.0,0.02,0.04,0.004391543244938838,0.06080514147411735,0.005096096803434381
Illia Zabarnyi,Bournemouth,20.0,DF,DEF,3330.0,13000000.0,0.02702702702702703,0.03,0.01,0.007510738289773447,0.10399339794981459,0.00871571729005705
Ionuț Radu,Bournemouth,26.0,GK,GK,180.0,3000000.0,0.0,0.0,0.0,0.0,0.0,0.0
Issa Diop,Fulham,26.0,DF,DEF,1424.0,20000000.0,0.0,0.02,0.0,0.0012383900924958545,0.011145410523767977,0.0014002457325821914
Issa Kaboré,Luton Town,22.0,DF,DEF,1729.0,10000000.0,0.0,0.01,0.11,0.009290366215466129,0.16722358185391695,0.010956344840555415
Ivan Perišić,Tottenham Hotspur,34.0,FW,ATT,103.0,2000000.0,0.0,0.1,0.75,0.06531357207078521,5.877692494046205,0.08557023396112784
Ivan Toney,Brentford,27.0,FW,ATT,1450.0,50000000.0,0.24844720496894407,0.37,0.09,0.07472530818069176,0.2690101410139827,0.08012462962943796
Ivo Grbić,Sheffield United,27.0,GK,GK,771.0,3500000.0,0.0,0.0,0.0,0.0,0.0,0.0
Jack Cork,Burnley,34.0,MF,MID,27.0,800000.0,0.0,0.0,0.0,0.0,0.0,0.0
Jack Grealish,Manchester City,27.0,"FW,MF",ATT,1009.0,60000000.0,0.26785714285714285,0.19,0.22,0.07732133391214702,0.23196330584652355,0.08206423139880682
Jack Harrison,Everton,26.0,"MF,FW",ATT,2214.0,18000000.0,0.12195121951219512,0.14,0.14,0.041655986184436056,0.41655569628739764,0.047397409935455374
Jack Hinshelwood,Brighton,18.0,DF,DEF,869.0,16000000.0,0.30927835051546393,0.19,0.07,0.0729528269660013,0.8207100703792228,0.0835972715463144
Jack Robinson,Sheffield United,29.0,DF,DEF,2885.0,1000000.0,0.03115264797507788,0.04,0.04,0.01123740997070572,2.022369768168759,0.015461291206635284
Jacob Brown,Luton Town,25.0,"MF,FW",ATT,1019.0,4000000.0,0.17699115044247787,0.25,0.06,0.052068012951765316,2.342955149847696,0.06510620804576285
Jacob Bruun Larsen,Burnley,24.0,"MF,FW",ATT,1249.0,8000000.0,0.4316546762589928,0.36,0.1,0.1078717462415724,2.427059681592543,0.12900159071724965
Jacob Murphy,Newcastle United,28.0,"FW,DF",ATT,1189.0,15000000.0,0.2272727272727273,0.16,0.37,0.0799828782927917,0.9597830221172351,0.09201105033380286
Jacob Ramsey,Aston Villa,22.0,"FW,MF",ATT,853.0,35000000.0,0.10526315789473684,0.23,0.11,0.04186002564639421,0.21527902474647154,0.045806259720579764
Jaden Philogene Bidace,Aston Villa,21.0,FW,ATT,4.0,13000000.0,0.0,0.0,0.0,0.0,0.0,0.0
Jadon Sancho,Manchester United,23.0,"FW,MF",ATT,79.0,30000000.0,0.0,0.0,0.06,0.0047297297286644745,0.028378208102738233,0.005221951508437184
Jaidon Anthony,Bournemouth,23.0,FW,ATT,152.0,6000000.0,0.0,0.04,0.0,0.002476780184991709,0.07430117651445584,0.003016526113614305
Jaïro Riedewald,Crystal Palace,26.0,"MF,FW",ATT,235.0,3000000.0,0.0,0.01,0.0,0.0006191950462479273,0.037149473806447245,0.0007891804108931874
Jakub Kiwior,Arsenal,23.0,DF,DEF,946.0,30000000.0,0.09523809523809523,0.08,0.09,0.029191012098980132,0.17514502172375046,0.03222891336459513
Jakub Moder,Brighton,24.0,"MF,DF",MID,618.0,10000000.0,0.0,0.08,0.11,0.01362473153920162,0.24524075337206847,0.01606796262293462
Jamaal Lascelles,Newcastle United,29.0,DF,DEF,1080.0,7000000.0,0.08333333333333333,0.06,0.01,0.01950345855959831,0.501504609985414,0.0235213825545043
James Garner,Everton,22.0,MF,MID,3004.0,22000000.0,0.029940119760479042,0.08,0.14,0.0213788179582644,0.1749161703444059,0.024036721517016385
James Hill,Bournemouth,21.0,DF,DEF,76.0,2000000.0,0.0,0.0,0.0,0.0,0.0,0.0
James Maddison,Tottenham Hotspur,26.0,MF,MID,2135.0,70000000.0,0.16877637130801687,0.27,0.25,0.06680522027475382,0.1717844104037402,0.07029800198079279
James Mcatee,Manchester City,20.0,MF,MID,1.0,12000000.0,0.0,0.0,0.0,0.0,0.0,0.0
James Mcatee,Manchester City,20.0,MF,MID,1.0,12000000.0,0.0,0.0,0.0,0.0,0.0,0.0
James Mcatee,Sheffield United,20.0,"MF,FW",ATT,1822.0,12000000.0,0.1485148514851485,0.15,0.15,0.047844923272013756,0.7176630841339443,0.05579351670689977
James Mcatee,Sheffield United,20.0,"MF,FW",ATT,1822.0,12000000.0,0.1485148514851485,0.15,0.15,0.047844923272013756,0.7176630841339443,0.05579351670689977
James McConnell,Liverpool,18.0,MF,MID,4.0,500000.0,0.0,0.0,0.0,0.0,0.0,0.0
James Milner,Brighton,37.0,"DF,MF",MID,773.0,1000000.0,0.0,0.03,0.21,0.01841163918906944,3.313498624280129,0.025332146449741348
James Shea,Luton Town,32.0,GK,GK,15.0,200000.0,0.0,0.0,0.0,0.0,0.0,0.0
James Tarkowski,Everton,30.0,DF,DEF,3419.0,13000000.0,0.02631578947368421,0.07,0.06,0.013800937155768387,0.19108725325636336,0.016015078937219842
James Tomkins,Crystal Palace,34.0,DF,DEF,10.0,700000.0,0.0,0.0,0.0,0.0,0.0,0.0
James Trafford,Burnley,20.0,GK,GK,2520.0,18000000.0,0.0,0.0,0.0,0.0,0.0,0.0
James Ward-Prowse,West Ham United,28.0,MF,MID,3001.0,30000000.0,0.21021021021021022,0.18,0.23,0.06711397928171255,0.4026814596015177,0.07409851417584513
Jamie Donley,Tottenham Hotspur,18.0,FW,ATT,3.0,1500000.0,0.0,0.0,0.0,0.0,0.0,0.0
Jan Paul van Hecke,Brighton,23.0,DF,DEF,2369.0,18000000.0,0.0,0.05,0.03,0.005460840095571873,0.05460785487716996,0.006213504955945516
Jarell Quansah,Liverpool,20.0,DF,DEF,1190.0,22000000.0,0.15151515151515152,0.08,0.01,0.03301457591991235,0.2701170474779853,0.03711908529922073
Jarrad Branthwaite,Everton,21.0,DF,DEF,3116.0,42000000.0,0.08670520231213873,0.05,0.03,0.02106777650551407,0.09029008378041553,0.022814424793044102
Jarrod Bowen,West Ham United,26.0,FW,ATT,3019.0,50000000.0,0.47761194029850745,0.35,0.16,0.12025458844779266,0.4329149599181979,0.12894365503747166
Jason Steele,Brighton,32.0,GK,GK,1530.0,3500000.0,0.0,0.0,0.0,0.0,0.0,0.0
Jay Rodriguez,Burnley,34.0,FW,ATT,822.0,1000000.0,0.21978021978021978,0.38,0.02,0.06466642787825812,11.63786220288994,0.08897303518560132
Jayden Bogle,Sheffield United,23.0,DF,DEF,2788.0,3800000.0,0.0967741935483871,0.07,0.03,0.024118585019809666,1.1424051764826244,0.03026014999686571
Jayden Danns,Liverpool,17.0,FW,ATT,9.0,1000000.0,0.0,0.0,0.0,0.0,0.0,0.0
Jean-Philippe Mateta,Crystal Palace,26.0,FW,ATT,2282.0,20000000.0,0.6299212598425197,0.43,0.12,0.14947067317228901,1.3452239515350375,0.16900625539878963
Jean-Ricner Bellegarde,Wolverhampton,25.0,"MF,FW",ATT,958.0,15000000.0,0.18867924528301888,0.15,0.09,0.05034478442407411,0.604130163526927,0.057915851399228925
Jefferson Lerma,Crystal Palace,28.0,"MF,DF",MID,2400.0,20000000.0,0.03745318352059925,0.1,0.08,0.019239829798376473,0.1731569097732003,0.021754445335143473
Jeffrey Schlupp,Crystal Palace,30.0,"FW,MF",ATT,1352.0,7000000.0,0.13333333333333333,0.12,0.15,0.043254664867036316,1.1122342105583767,0.05216559496334749
Jeremy Doku,Manchester City,21.0,"FW,MF",ATT,1595.0,65000000.0,0.16949152542372883,0.14,0.26,0.059672700702418174,0.16524702126109916,0.06305124121702049
Jesurun Rak Sakyi,Crystal Palace,20.0,"MF,FW",ATT,136.0,13000000.0,0.0,0.28,0.1,0.025220344176049424,0.3491999304385706,0.029266548948414232
Jhon Durán,Aston Villa,19.0,"FW,MF",ATT,475.0,20000000.0,0.9433962264150944,0.38,0.06,0.19807046217287816,1.7826181159928596,0.22395796049142197
Jimi Tauriainen,Chelsea,19.0,FW,ATT,1.0,200000.0,0.0,0.0,0.0,0.0,0.0,0.0
Joachim Andersen,Crystal Palace,27.0,DF,DEF,3415.0,35000000.0,0.052770448548812667,0.04,0.07,0.017493478936753737,0.08996600042101704,0.01914262658036516
João Gomes,Wolverhampton,22.0,MF,MID,2649.0,35000000.0,0.06802721088435375,0.06,0.04,0.019113221384216263,0.09829606159622399,0.020915065609802476
João Palhinha,Fulham,28.0,MF,MID,2699.0,55000000.0,0.13333333333333333,0.11,0.03,0.033176010363459435,0.10857567857819189,0.03538293034686111
João Pedro,Brighton,21.0,"FW,MF",ATT,2045.0,45000000.0,0.39647577092511016,0.53,0.17,0.11758387708699641,0.47033362701347764,0.12683378357464883
Joe Gomez,Liverpool,26.0,DF,DEF,1786.0,28000000.0,0.0,0.04,0.07,0.00799479820176693,0.05139480090192447,0.00886232898852048
Joe Rothwell,Bournemouth,28.0,MF,MID,386.0,2500000.0,0.0,0.02,0.06,0.005968119821160329,0.42967369061781924,0.00770066466834175
Joe White,Newcastle United,20.0,MF,MID,13.0,300000.0,0.0,0.0,0.0,0.0,0.0,0.0
Joe Willock,Newcastle United,23.0,MF,MID,419.0,30000000.0,0.2127659574468085,0.17,0.12,0.0582836475686501,0.34969978721317735,0.06434921206888361
Joe Worrall,Nottingham Forest,26.0,DF,DEF,439.0,7500000.0,0.0,0.02,0.04,0.004391543244938838,0.10539450841033027,0.005273166447793957
Joël Matip,Liverpool,31.0,DF,DEF,781.0,0.0,0.0,0.06,0.01,0.004503458565598309,4503.458565598309,4503.458565598309
Joël Veltman,Brighton,31.0,DF,DEF,1588.0,10000000.0,0.056818181818181816,0.02,0.03,0.01383052768000991,0.24894501722986825,0.016310662795700412
Joel Ward,Crystal Palace,33.0,DF,DEF,1980.0,1000000.0,0.0,0.04,0.01,0.0032650684731024547,0.5876065559783656,0.004492331827693454
Joelinton,Newcastle United,26.0,"MF,FW",ATT,1279.0,40000000.0,0.14084507042253522,0.22,0.2,0.05474016944558481,0.24632965402168855,0.05944369355817856
Jóhann Berg Guðmundsson,Burnley,32.0,"MF,FW",ATT,1192.0,13000000.0,0.07575757575757576,0.14,0.2,0.03807086004059499,0.5271276864864255,0.04417872655141664
John Egan,Sheffield United,30.0,DF,DEF,482.0,4000000.0,0.0,0.03,0.0,0.0018575851387437816,0.08358756980282904,0.0023227374668168418
John Fleck,Sheffield United,31.0,"MF,DF",MID,92.0,900000.0,0.0,0.0,0.44,0.03468468467687281,6.935549825409479,0.048088586115950335
John McGinn,Aston Villa,28.0,"MF,FW",ATT,2999.0,30000000.0,0.1801801801801802,0.15,0.14,0.05275639414672881,0.3165364656615789,0.05824673877761026
John Stones,Manchester City,29.0,"DF,MF",MID,1064.0,38000000.0,0.0847457627118644,0.09,0.02,0.02240356927448673,0.10612166756598551,0.02440008549663117
Jonny Castro,Wolverhampton,29.0,MF,MID,5.0,13000000.0,0.0,0.0,0.0,0.0,0.0,0.0
Jonny Evans,Manchester United,35.0,DF,DEF,1392.0,2000000.0,0.0,0.0,0.08,0.006306306304885966,0.5675164909555509,0.008262174136713698
Jordan Ayew,Crystal Palace,31.0,"FW,MF",ATT,2543.0,4000000.0,0.1413427561837456,0.14,0.15,0.0459347510720297,2.0669707845560312,0.05743713443791979
Jordan Beyer,Burnley,23.0,DF,DEF,1234.0,13000000.0,0.0,0.04,0.02,0.0040533567612132,0.05612262422661656,0.00470365365473827
Jordan Clark,Luton Town,29.0,MF,MID,1304.0,1000000.0,0.06896551724137931,0.07,0.09,0.023842753015214962,4.290923176566911,0.03280468973696873
Jordan Pickford,Everton,29.0,GK,GK,3420.0,22000000.0,0.0,0.0,0.0,0.0,0.0,0.0
Jorginho,Arsenal,31.0,MF,MID,921.0,12000000.0,0.0,0.01,0.13,0.010866942791687623,0.1630016968498616,0.012672294419909694
José Sá,Wolverhampton,30.0,GK,GK,3037.0,14000000.0,0.0,0.0,0.0,0.0,0.0,0.0
Joseph Johnson,Luton Town,17.0,DF,DEF,77.0,13000000.0,0.0,0.0,0.0,0.0,0.0,0.0
Josh Brownhill,Burnley,27.0,MF,MID,2252.0,15000000.0,0.16,0.08,0.08,0.04005986666334938,0.4807126314086157,0.04608424311055408
Josh Cullen,Burnley,27.0,MF,MID,2057.0,10000000.0,0.08733624454148473,0.03,0.08,0.023884415454808787,0.4299117397752422,0.028167446359900743
Josh Dasilva,Brentford,24.0,"DF,FW",ATT,24.0,10000000.0,0.0,0.0,0.72,0.056756756743973694,1.0216032325333408,0.06693456258842373
Joshua Acheampong,Chelsea,17.0,DF,DEF,6.0,13000000.0,0.0,0.0,0.0,0.0,0.0,0.0
Joško Gvardiol,Manchester City,21.0,DF,DEF,2328.0,75000000.0,0.15444015444015444,0.12,0.06,0.03995929807174771,0.09590208520719001,0.04188850571849773
Julián Álvarez,Manchester City,23.0,"MF,FW",ATT,2647.0,90000000.0,0.3741496598639456,0.44,0.22,0.11193386312191664,0.22386727850927624,0.11616990332739839
Julio Enciso,Brighton,19.0,"MF,FW",ATT,475.0,22000000.0,0.0,0.27,0.32,0.0419434914682379,0.34317121333929185,0.04715808076206822
Jurriën Timber,Arsenal,22.0,DF,DEF,71.0,38000000.0,0.0,0.0,0.0,0.0,0.0,0.0
Justin Kluivert,Bournemouth,24.0,"MF,FW",ATT,1916.0,14000000.0,0.32863849765258213,0.29,0.09,0.08420618048798942,1.0826369723702192,0.09727563755601541
Kaelan Casey,West Ham United,18.0,DF,DEF,1.0,1000000.0,0.0,0.0,0.0,0.0,0.0,0.0
Kai Havertz,Arsenal,24.0,"MF,FW",ATT,2634.0,70000000.0,0.44368600682593856,0.42,0.15,0.11769399746079769,0.3026409295368038,0.12384740043665797
Kaide Gordon,Liverpool,18.0,FW,ATT,1.0,1200000.0,0.0,0.0,0.0,0.0,0.0,0.0
Kaine Kesler-Hayden,Aston Villa,20.0,"MF,DF",MID,6.0,2200000.0,0.0,0.0,0.0,0.0,0.0,0.0
Kalvin Phillips,Manchester City,27.0,MF,MID,93.0,25000000.0,0.0,0.07,0.0,0.004334365323735491,0.031207205639014936,0.004836660859986479
Kalvin Phillips,Manchester City,27.0,MF,MID,93.0,25000000.0,0.0,0.07,0.0,0.004334365323735491,0.031207205639014936,0.004836660859986479
Kalvin Phillips,West Ham United,27.0,MF,MID,309.0,25000000.0,0.0,0.02,0.0,0.0012383900924958545,0.008916344468289981,0.0013819031028532796
Kalvin Phillips,West Ham United,27.0,MF,MID,309.0,25000000.0,0.0,0.02,0.0,0.0012383900924958545,0.008916344468289981,0.0013819031028532796
Kaoru Mitoma,Brighton,26.0,FW,ATT,1486.0,45000000.0,0.18181818181818182,0.21,0.16,0.058342981295160225,0.23337099169667413,0.06293261666491254
Keane Lewis-Potter,Brentford,22.0,"FW,DF",ATT,1441.0,15000000.0,0.1875,0.39,0.11,0.06656977795938736,0.7988277495796534,0.07658082981346381
Kenny Tete,Fulham,27.0,DF,DEF,867.0,15000000.0,0.10416666666666667,0.09,0.04,0.027475908561174333,0.329706946250737,0.03160785482531222
Kevin De Bruyne,Manchester City,32.0,MF,MID,1221.0,50000000.0,0.29411764705882354,0.18,0.85,0.13109119177128786,0.47192659144090715,0.1405632635593478
Kevin Schade,Brentford,21.0,"FW,MF",ATT,333.0,22000000.0,0.5405405405405405,0.32,0.19,0.1320890162124162,1.0807194722149962,0.1485108720394505
Kieffer Moore,Bournemouth,30.0,"FW,MF",ATT,108.0,2000000.0,0.8333333333333334,1.23,0.2,0.24192675639070998,21.771448644785867,0.31695907128420137
Kieran Trippier,Newcastle United,32.0,DF,DEF,2236.0,10000000.0,0.04032258064516129,0.03,0.3,0.032764298295291955,0.5897467538736855,0.0386396986142951
Kobbie Mainoo,Manchester United,18.0,MF,MID,1924.0,50000000.0,0.14018691588785048,0.04,0.03,0.03007528989904358,0.108270653862203,0.03224839780294815
Konstantinos Mavropanos,West Ham United,25.0,DF,DEF,1500.0,20000000.0,0.059880239520958084,0.07,0.01,0.015901096721307316,0.1431085825145232,0.01797934508868156
Kostas Tsimikas,Liverpool,27.0,DF,DEF,679.0,13000000.0,0.0,0.01,0.14,0.011655231079798368,0.16137788818029491,0.013525128305978172
Kristoffer Ajer,Brentford,25.0,DF,DEF,1832.0,15000000.0,0.09803921568627452,0.06,0.11,0.030033400263176357,0.3603964784003755,0.034549953218667974
Kurt Zouma,West Ham United,28.0,DF,DEF,2838.0,25000000.0,0.09523809523809523,0.06,0.01,0.02164631570159831,0.15585235091458124,0.024154837005432927
Kyle Walker,Manchester City,33.0,DF,DEF,2767.0,13000000.0,0.0,0.01,0.09,0.0077137896392446385,0.10680483924561314,0.008951345012536097
Leander Dendoncker,Aston Villa,28.0,MF,MID,119.0,7000000.0,0.7692307692307692,0.56,0.0,0.17313646099603774,4.451965946488061,0.20880444977368626
Leandro Trossard,Arsenal,28.0,"FW,MF",ATT,1649.0,35000000.0,0.6557377049180327,0.43,0.15,0.15648249814835485,0.8047629945532815,0.17123443765797405
Leon Bailey,Aston Villa,25.0,"MF,FW",ATT,2068.0,42000000.0,0.43478260869565216,0.27,0.4,0.12651066730703692,0.542186250517656,0.13699917995801758
Leon Chiwome,Wolverhampton,17.0,FW,ATT,174.0,1000000.0,0.0,0.05,0.0,0.0030959752312396363,0.5571752500781204,0.004259680366161802
Lesley Ugochukwu,Chelsea,19.0,MF,MID,301.0,25000000.0,0.0,0.0,0.03,0.0023648648643322372,0.017026904429480214,0.002638921381600409
Levi Colwill,Chelsea,20.0,DF,DEF,1797.0,50000000.0,0.05,0.06,0.06,0.017444900002552038,0.06280141392409722,0.01870539159567135
Lewis Cook,Bournemouth,26.0,MF,MID,2786.0,12000000.0,0.0,0.01,0.14,0.011655231079798368,0.17482584380931837,0.013591542957994123
Lewis Dobbin,Everton,20.0,MF,MID,232.0,2500000.0,0.3846153846153846,0.11,0.19,0.0910193921859083,6.552924426826666,0.11744231659941663
Lewis Dunk,Brighton,31.0,DF,DEF,2869.0,12000000.0,0.09404388714733543,0.1,0.03,0.025484715006560722,0.382264991123544,0.02971855267496762
Lewis Hall,Newcastle United,18.0,DF,DEF,781.0,18000000.0,0.1149425287356322,0.04,0.03,0.02553130021346188,0.2553104490301285,0.029050266558201632
Lewis Miley,Newcastle United,17.0,MF,MID,1202.0,22000000.0,0.07462686567164178,0.09,0.13,0.029253338977193427,0.23934354245714431,0.032890235737559156
Lewis Warrington,Everton,20.0,FW,ATT,1.0,500000.0,0.0,0.0,0.0,0.0,0.0,0.0
Lisandro Martínez,Manchester United,25.0,DF,DEF,646.0,45000000.0,0.0,0.0,0.01,0.0007882882881107457,0.0031531405398808237,0.0008503001313240904
Lloyd Kelly,Bournemouth,24.0,DF,DEF,1559.0,18000000.0,0.0,0.02,0.07,0.006756408109271075,0.06756340545865616,0.007687640461288757
Lorenz Assignon,Burnley,23.0,DF,DEF,1234.0,10000000.0,0.07299270072992702,0.03,0.19,0.02997374873897934,0.5395177659818405,0.03534873865378014
Loris Karius,Newcastle United,30.0,GK,GK,90.0,1000000.0,0.0,0.0,0.0,0.0,0.0,0.0
Luca Koleosho,Burnley,18.0,"MF,FW",ATT,974.0,7000000.0,0.09259259259259259,0.18,0.12,0.03727163694979164,0.9583888772806549,0.04494999840411397
Lucas Digne,Aston Villa,30.0,DF,DEF,2410.0,12000000.0,0.03731343283582089,0.04,0.15,0.021017522414414087,0.31525810734460114,0.024509214515809948
Lucas Paquetá,West Ham United,25.0,"FW,MF",ATT,2622.0,65000000.0,0.1374570446735395,0.18,0.18,0.05007696804979632,0.1386742967321527,0.052912218732489594
Luis Díaz,Liverpool,26.0,FW,ATT,2629.0,75000000.0,0.273972602739726,0.41,0.19,0.08967954284369385,0.2152303862719382,0.09400920998400389
Luis Sinisterra,Bournemouth,24.0,"FW,MF",ATT,699.0,17000000.0,0.25641025641025644,0.33,0.31,0.09102421959299933,0.9637756498307595,0.10392561860892345
Luke Berry,Luton Town,31.0,"MF,DF",MID,323.0,400000.0,0.5555555555555556,0.28,0.07,0.12285547927171718,55.26009862789018,0.18104121893473277
Luke Harris,Fulham,18.0,MF,MID,75.0,1000000.0,0.0,0.33,0.0,0.0204334365261816,3.6773566505155952,0.028113890416667897
Luke Shaw,Manchester United,28.0,DF,DEF,959.0,32000000.0,0.0,0.0,0.09,0.007094594592996712,0.03990687010946214,0.007803674455598488
Luke Thomas,Sheffield United,22.0,DF,DEF,917.0,6000000.0,0.0,0.05,0.0,0.0030959752312396363,0.0928764706430698,0.003770657642017881
Lyle Foster,Burnley,22.0,"FW,MF",ATT,1899.0,13000000.0,0.23696682464454974,0.21,0.09,0.06275171898316052,0.8688579248109561,0.07281923840523417
Mads Juel Andersen,Luton Town,25.0,DF,DEF,400.0,13000000.0,0.22727272727272727,0.06,0.0,0.044624261170214834,0.6178658303684004,0.05178351709669205
Mads Roerslev,Brentford,24.0,DF,DEF,1985.0,10000000.0,0.04524886877828054,0.04,0.08,0.016927882866710254,0.3046964070654574,0.01996344576809578
Mahmoud Dahoud,Brighton,27.0,MF,MID,452.0,6000000.0,0.0,0.04,0.18,0.016665969370985134,0.4999640822070878,0.02029785772710432
Malo Gusto,Chelsea,20.0,DF,DEF,1751.0,35000000.0,0.0,0.05,0.22,0.02043831756967604,0.10511080693132684,0.02236508144444754
Manor Solomon,Tottenham Hotspur,24.0,FW,ATT,199.0,13000000.0,0.0,0.19,0.38,0.041719660826918956,0.5776488440041148,0.048412919632626616
Manuel Akanji,Manchester City,28.0,"DF,MF",MID,2511.0,45000000.0,0.07168458781362008,0.07,0.02,0.018814167701247306,0.07525636977951011,0.02029421153200813
Marc Cucurella,Chelsea,25.0,DF,DEF,1782.0,25000000.0,0.0,0.06,0.05,0.007656611718041292,0.05512720745400363,0.008543911611227186
Marc Guéhi,Crystal Palace,23.0,DF,DEF,2021.0,38000000.0,0.0,0.03,0.03,0.004222450003076019,0.020000984220434833,0.0045987378090523385
Marcos Senesi,Bournemouth,26.0,DF,DEF,2242.0,22000000.0,0.1606425702811245,0.08,0.07,0.039387241025794786,0.32225660811152734,0.04428402663369193
Marcus Rashford,Manchester United,25.0,FW,ATT,2271.0,60000000.0,0.2777777777777778,0.29,0.09,0.0750512509141866,0.22515307728332798,0.07965490130821647
Marcus Tavernier,Bournemouth,24.0,FW,ATT,2118.0,20000000.0,0.1276595744680851,0.17,0.22,0.05084738151971499,0.45762231507659923,0.05749305442396199
Mario Lemina,Wolverhampton,29.0,MF,MID,2968.0,10000000.0,0.12121212121212122,0.14,0.05,0.03442835389747926,0.6196992155687464,0.04060215806837674
Mark Flekken,Brentford,30.0,GK,GK,3285.0,12000000.0,0.0,0.0,0.01,0.0,0.0,0.0
Mark O'Mahony,Brighton,18.0,FW,ATT,63.0,13000000.0,0.0,0.08,0.0,0.004953560369983418,0.06858680930548772,0.00574828067472288
Mark Travers,Bournemouth,24.0,GK,GK,360.0,3500000.0,0.0,0.0,0.0,0.0,0.0,0.0
Martin Ødegaard,Arsenal,24.0,MF,MID,3091.0,110000000.0,0.23323615160349856,0.22,0.28,0.07767687035639202,0.1271073980438083,0.07974278820222132
Martin Dúbravka,Newcastle United,34.0,GK,GK,1985.0,1000000.0,0.0,0.0,0.0,0.0,0.0,0.0
Marvelous Nakamba,Luton Town,29.0,MF,MID,1130.0,5000000.0,0.0,0.01,0.03,0.0029840599105801645,0.1074222895784611,0.003677311146240623
Mason Burstow,Chelsea,19.0,FW,ATT,9.0,1800000.0,0.0,0.0,0.0,0.0,0.0,0.0
Mason Holgate,Sheffield United,26.0,DF,DEF,710.0,5000000.0,0.0,0.08,0.05,0.008895001810537147,0.3202085376719811,0.010961472049453363
Mason Mount,Manchester United,24.0,"MF,FW",ATT,516.0,35000000.0,0.17543859649122806,0.07,0.06,0.040643042408189445,0.20902028599493203,0.04447454887176901
Mateo Kovačić,Manchester City,29.0,MF,MID,1551.0,30000000.0,0.05813953488372093,0.07,0.09,0.021894076191615923,0.13136366896768173,0.024172587178026873
Matheus Cunha,Wolverhampton,24.0,"FW,MF",ATT,2440.0,45000000.0,0.44280442804428044,0.35,0.12,0.11083608309209494,0.44334255899814384,0.11955516456362207
Matheus França,Crystal Palace,19.0,"MF,FW",ATT,232.0,15000000.0,0.0,0.14,0.34,0.03547053244323634,0.42564128162345666,0.040804744911206066
Matheus Nunes,Manchester City,24.0,MF,MID,661.0,50000000.0,0.0,0.11,0.15,0.018635469830388385,0.06708744987457864,0.019981986752331007
Matheus Nunes,Manchester City,24.0,MF,MID,661.0,50000000.0,0.0,0.11,0.15,0.018635469830388385,0.06708744987457864,0.019981986752331007
Matheus Nunes,Wolverhampton,24.0,MF,MID,179.0,50000000.0,0.0,0.04,0.05,0.006418221625545438,0.02310551467211076,0.0068819740345929595
Matheus Nunes,Wolverhampton,24.0,MF,MID,179.0,50000000.0,0.0,0.04,0.05,0.006418221625545438,0.02310551467211076,0.0068819740345929595
Mathias Jensen,Brentford,27.0,MF,MID,2204.0,28000000.0,0.12244897959183673,0.03,0.16,0.03651101406623,0.23471215299049508,0.040472893773343316
Mathias Jørgensen,Brentford,33.0,DF,DEF,1087.0,600000.0,0.08264462809917356,0.06,0.08,0.024897509634274353,7.467012786446372,0.03557113659666758
Matt Doherty,Wolverhampton,31.0,"DF,MF",MID,1150.0,3000000.0,0.078125,0.07,0.1,0.02627974819921795,1.5766902905356448,0.03349423191884547
Matt Ritchie,Newcastle United,33.0,"FW,MF",ATT,128.0,1000000.0,0.7142857142857143,0.68,0.0,0.17067669166485905,30.716275570072014,0.23483009331284216
Matt Targett,Newcastle United,27.0,DF,DEF,78.0,10000000.0,0.0,0.0,0.03,0.0023648648643322372,0.04256680135555587,0.0027889401078509887
Matt Turner,Nottingham Forest,29.0,GK,GK,1530.0,7000000.0,0.0,0.0,0.0,0.0,0.0,0.0
Matty Cash,Aston Villa,25.0,DF,DEF,2142.0,28000000.0,0.08403361344537814,0.18,0.1,0.0341544441276878,0.21956287220238596,0.03786060794038723
Matz Sels,Nottingham Forest,31.0,GK,GK,1440.0,7000000.0,0.0,0.0,0.0,0.0,0.0,0.0
Max Aarons,Bournemouth,23.0,DF,DEF,1237.0,16000000.0,0.0,0.0,0.06,0.0047297297286644745,0.0532088608477908,0.005419837954355181
Max Kilman,Wolverhampton,26.0,DF,DEF,3420.0,13000000.0,0.05263157894736842,0.05,0.04,0.01572281259041946,0.21769746774856216,0.018245288845869116
Max Lowe,Sheffield United,26.0,"DF,MF",MID,503.0,2500000.0,0.0,0.1,0.13,0.01643969820791897,1.1835730537102989,0.021212141669653968
Maxime Estève,Burnley,21.0,DF,DEF,1309.0,7000000.0,0.0,0.02,0.0,0.0012383900924958545,0.031843497831377736,0.001493511882945898
Maxwel Cornet,West Ham United,26.0,"MF,FW",ATT,112.0,9000000.0,0.8333333333333334,0.32,0.13,0.18006198916537336,3.601167759952268,0.2137485156721888
Michael Keane,Everton,30.0,DF,DEF,439.0,6000000.0,0.2040816326530612,0.14,0.0,0.045403424510328125,1.36206187345364,0.05529784859909925
Michael Ndiweni,Newcastle United,19.0,FW,ATT,1.0,0.0,0.0,0.0,0.0,0.0,0.0,0.0
Michael Obafemi,Burnley,23.0,"FW,MF",ATT,20.0,2200000.0,0.0,0.4,0.0,0.02476780184991709,2.0262907275700517,0.032237630869018236
Michael Olakigbe,Brentford,19.0,"DF,FW",ATT,59.0,600000.0,0.0,0.18,0.0,0.01114551083246269,3.342650454602426,0.01592362023691706
Michael Olise,Crystal Palace,21.0,"FW,MF",ATT,1275.0,55000000.0,0.7042253521126761,0.39,0.41,0.18322898994578724,0.5996565500375035,0.19541766830161642
Michail Antonio,West Ham United,33.0,FW,ATT,1695.0,4000000.0,0.3191489361702127,0.31,0.05,0.08058329636189904,3.626085162453146,0.10076191812449962
Micky van de Ven,Tottenham Hotspur,22.0,DF,DEF,2339.0,55000000.0,0.11538461538461539,0.02,0.0,0.02200762085341893,0.07202470525760839,0.023471602137378027
Miguel Almirón,Newcastle United,29.0,FW,ATT,1937.0,20000000.0,0.13953488372093023,0.21,0.12,0.047578834488256345,0.42820565654339826,0.053797313429038394
Mike Trésor,Burnley,24.0,"FW,MF",ATT,420.0,12000000.0,0.0,0.1,0.08,0.012498256767365238,0.1874710394448869,0.01457462255279662
Mikey Moore,Tottenham Hotspur,15.0,MF,MID,4.0,13000000.0,0.0,0.0,0.0,0.0,0.0,0.0
Mikkel Damsgaard,Brentford,23.0,MF,MID,842.0,10000000.0,0.0,0.1,0.16,0.018804563072251205,0.3384760427317525,0.02217665835955652
Milos Kerkez,Bournemouth,19.0,DF,DEF,1970.0,20000000.0,0.0,0.06,0.04,0.006868323429930546,0.06181435454018405,0.007766002514903615
Mohamed Elneny,Arsenal,31.0,MF,MID,28.0,3500000.0,0.0,0.26,0.0,0.016099071202446108,0.8279096550578254,0.020308781758665007
Mohamed Salah,Liverpool,31.0,FW,ATT,2534.0,55000000.0,0.6382978723404256,0.75,0.42,0.19444135354456502,0.6363514380865972,0.20737589582484492
Mohammed Kudus,West Ham United,22.0,"FW,MF",ATT,2484.0,50000000.0,0.2898550724637681,0.19,0.13,0.07418636664675901,0.26706995847648196,0.07954674655542154
Moisés Caicedo,Chelsea,21.0,MF,MID,2866.0,75000000.0,0.031446540880503145,0.01,0.08,0.012585878707360307,0.030206036403177372,0.01319351634403028
Morgan Gibbs-White,Nottingham Forest,23.0,"MF,FW",ATT,3156.0,40000000.0,0.14245014245014245,0.2,0.24,0.056943845470385675,0.2562461515090538,0.06183671944111786
Morgan Rogers,Aston Villa,21.0,"MF,FW",ATT,638.0,15000000.0,0.4225352112676057,0.19,0.09,0.09491563846945382,1.1389739939455186,0.10918946373382789
Moussa Diaby,Aston Villa,24.0,"FW,MF",ATT,2174.0,55000000.0,0.24793388429752067,0.29,0.27,0.08386853927588252,0.2744779575204818,0.08944760539260026
Moussa Niakhate,Nottingham Forest,27.0,DF,DEF,1460.0,16000000.0,0.0617283950617284,0.07,0.01,0.016233764718512903,0.1826277985205368,0.018602410541608744
Murillo,Nottingham Forest,21.0,DF,DEF,2789.0,35000000.0,0.0,0.06,0.04,0.006868323429930546,0.035322624551859395,0.007515814957543923
Mykhailo Mudryk,Chelsea,22.0,FW,ATT,1576.0,13000000.0,0.2857142857142857,0.25,0.23,0.08503907819074533,1.1774478564400002,0.09868225140087383
Myles Peart-Harris,Brentford,20.0,"DF,MF",MID,13.0,700000.0,0.0,0.0,0.12,0.009459459457328949,2.431807110056287,0.01335996359421818
Naouirou Ahamada,Crystal Palace,21.0,"MF,FW",ATT,349.0,8000000.0,0.0,0.13,0.01,0.0088378238893338,0.19884656346233257,0.010568970837366428
Nathan Aké,Manchester City,28.0,DF,DEF,2042.0,40000000.0,0.0881057268722467,0.11,0.05,0.026611617779941723,0.11975174112690269,0.028898208909834182
Nathan Collins,Brentford,22.0,DF,DEF,2652.0,25000000.0,0.03389830508474576,0.06,0.07,0.015334883207076343,0.11041036413632788,0.017111993074042126
Nathan Fraser,Wolverhampton,18.0,FW,ATT,186.0,1000000.0,0.0,0.16,0.04,0.013060273892409819,2.3504262239134626,0.017969327310773817
Nathan Patterson,Everton,21.0,DF,DEF,1005.0,15000000.0,0.0,0.03,0.15,0.013681909460404967,0.16418094335353936,0.015739454329406266
Nathan Redmond,Burnley,29.0,"FW,MF",ATT,142.0,5000000.0,0.0,0.0,0.19,0.01497747747410417,0.5391697789557077,0.018457017120471625
Nathaniel Clyne,Crystal Palace,32.0,DF,DEF,1338.0,1500000.0,0.0,0.01,0.01,0.0014074833343586729,0.16887773479486537,0.001881310024859349
Nayef Aguerd,West Ham United,27.0,DF,DEF,1857.0,35000000.0,0.04854368932038835,0.07,0.01,0.013860517686020995,0.07128229579058676,0.015167178308746606
Neal Maupay,Brentford,26.0,FW,ATT,1321.0,12000000.0,0.40816326530612246,0.39,0.16,0.11023060713915538,1.653434305572747,0.12854348592147538
Neal Maupay,Brentford,26.0,FW,ATT,1321.0,12000000.0,0.40816326530612246,0.39,0.16,0.11023060713915538,1.653434305572747,0.12854348592147538
Neal Maupay,Everton,26.0,FW,ATT,111.0,12000000.0,0.0,1.16,0.05,0.07576806680531328,1.1365039545203814,0.08835559996862793
Neal Maupay,Everton,26.0,FW,ATT,111.0,12000000.0,0.0,1.16,0.05,0.07576806680531328,1.1365039545203814,0.08835559996862793
Neco Williams,Nottingham Forest,22.0,DF,DEF,1637.0,17000000.0,0.0,0.04,0.09,0.00957137477798842,0.10134289519510474,0.010927982125943952
Nélson Semedo,Wolverhampton,29.0,"DF,MF",MID,3084.0,12000000.0,0.0,0.04,0.05,0.006418221625545438,0.096271880304977,0.007484496389670621
Neto,Bournemouth,34.0,GK,GK,2880.0,2500000.0,0.0,0.0,0.0,0.0,0.0,0.0
Nick Pope,Newcastle United,31.0,GK,GK,1345.0,16000000.0,0.0,0.0,0.0,0.0,0.0,0.0
Nicolás Domínguez,Nottingham Forest,25.0,"MF,FW",ATT,1495.0,17000000.0,0.12048192771084336,0.08,0.06,0.031370037077924996,0.3321498168858506,0.035816297285332165
Nicolas Jackson,Chelsea,22.0,FW,ATT,2799.0,35000000.0,0.45016077170418006,0.6,0.14,0.1292166776827669,0.6645394961653923,0.14139821002897823
Nicolò Zaniolo,Aston Villa,24.0,"FW,MF",ATT,839.0,20000000.0,0.2150537634408602,0.28,0.11,0.06471830986803113,0.5824595466763601,0.07317689132186421
Noni Madueke,Chelsea,21.0,FW,ATT,1053.0,28000000.0,0.4273504273504274,0.21,0.23,0.10805680349006133,0.6946464139948757,0.11978225313619355
Nuno Tavares,Nottingham Forest,23.0,DF,DEF,457.0,15000000.0,0.0,0.03,0.1,0.00974046801985124,0.11688421362765136,0.011205281835051198
Odeluga Offiah,Brighton,20.0,DF,DEF,128.0,300000.0,0.0,0.0,0.0,0.0,0.0,0.0
Odisseas Vlachodimos,Nottingham Forest,29.0,GK,GK,450.0,13000000.0,0.0,0.0,0.01,0.0,0.0,0.0
Odsonne Édouard,Crystal Palace,25.0,"FW,MF",ATT,1555.0,18000000.0,0.40462427745664736,0.36,0.07,0.10064140959476418,1.0064040319073226,0.11451276476626497
Ola Aina,Nottingham Forest,26.0,DF,DEF,1692.0,12000000.0,0.05319148936170213,0.01,0.05,0.014135104568078252,0.2120233881703512,0.016483403858527198
Oleksandr Zinchenko,Arsenal,26.0,DF,DEF,1722.0,38000000.0,0.05235602094240837,0.03,0.13,0.021529416650047352,0.10198096422197273,0.023448031896952506
Oliver Arblaster,Sheffield United,19.0,MF,MID,943.0,450000.0,0.0,0.0,0.07,0.0055180180167752205,2.2063246768393525,0.008057837561388977
Oliver McBurnie,Sheffield United,27.0,FW,ATT,1280.0,13000000.0,0.4225352112676057,0.48,0.14,0.11681373625119743,1.6173985687287051,0.1355546500863946
Oliver Norwood,Sheffield United,32.0,MF,MID,1440.0,1000000.0,0.0625,0.07,0.04,0.018737518471678476,3.3721463385611843,0.02578051618082372
Oliver Skipp,Tottenham Hotspur,22.0,"MF,DF",MID,707.0,15000000.0,0.0,0.09,0.07,0.011090773433006566,0.13308768414386907,0.012758652031120251
Ollie Watkins,Aston Villa,27.0,FW,ATT,3217.0,65000000.0,0.5322128851540616,0.47,0.21,0.14145454051339001,0.39171918127627037,0.1494633936484648
Omari Forson,Manchester United,19.0,FW,ATT,70.0,2000000.0,0.0,0.04,0.23,0.020607410811538864,1.8545000680323749,0.02699869121482665
Omari Kellyman,Aston Villa,17.0,FW,ATT,37.0,1000000.0,0.0,0.17,0.0,0.010526315786214765,1.8943958502656097,0.01448291324495013
Đorđe Petrović,Chelsea,23.0,GK,GK,1987.0,13000000.0,0.0,0.0,0.0,0.0,0.0,0.0
Orel Mangala,Nottingham Forest,25.0,MF,MID,1563.0,20000000.0,0.0574712643678161,0.05,0.01,0.014229091101419348,0.12806066736676783,0.016088810960309237
Oscar Bobb,Manchester City,20.0,"FW,MF",ATT,302.0,25000000.0,0.29411764705882354,0.41,0.37,0.10749484000567439,0.7739572755484716,0.11995206828986768
Owen Beck,Liverpool,20.0,DF,DEF,8.0,1250000.0,0.0,0.0,0.0,0.0,0.0,0.0
Pablo Fornals,West Ham United,27.0,"MF,FW",ATT,426.0,14000000.0,0.0,0.07,0.07,0.009852383340510713,0.12667187145393333,0.011381550206176892
Pablo Sarabia,Wolverhampton,31.0,"MF,FW",ATT,1745.0,10000000.0,0.2061855670103093,0.28,0.3,0.07809951198527465,1.4057659119485286,0.0921045699754288
Pape Matar Sarr,Tottenham Hotspur,20.0,MF,MID,2069.0,45000000.0,0.13043478260869565,0.15,0.1,0.04064906943500028,0.16259562735749172,0.04384678752695989
Pascal Groß,Brighton,32.0,"MF,DF",MID,3114.0,8000000.0,0.11560693641618497,0.19,0.24,0.05149287333995811,1.158563582468452,0.06157926243801229
Pau Torres,Aston Villa,26.0,DF,DEF,2464.0,45000000.0,0.07299270072992702,0.04,0.02,0.017192042887344588,0.06876789647779245,0.018544479913400382
Paul Dummett,Newcastle United,31.0,DF,DEF,20.0,900000.0,0.0,0.11,0.0,0.0068111455087272,1.3619567104033594,0.009443313681415523
Pedro Neto,Wolverhampton,23.0,"FW,MF",ATT,1516.0,55000000.0,0.11904761904761904,0.21,0.26,0.054927162882085864,0.17976103566889154,0.058581003475575294
Pedro Porro,Tottenham Hotspur,23.0,DF,DEF,3089.0,45000000.0,0.08746355685131196,0.09,0.21,0.03787024969349578,0.15148039285241174,0.04084936789411194
Pelly Ruddock Mpanzu,Luton Town,30.0,MF,MID,1101.0,1500000.0,0.0,0.05,0.04,0.006249128383682619,0.7498054293903875,0.008352886025618303
Pervis Estupiñán,Brighton,25.0,DF,DEF,1243.0,30000000.0,0.14492753623188406,0.07,0.25,0.050128529037808484,0.3007693696106333,0.05534539240969195
Phil Foden,Manchester City,23.0,"FW,MF",ATT,2857.0,150000000.0,0.5993690851735016,0.33,0.26,0.14881536730513673,0.1785782264722923,0.15025641601923861
Philip Billing,Bournemouth,27.0,MF,MID,1398.0,22000000.0,0.12903225806451613,0.16,0.21,0.04968698123261507,0.4065265203225934,0.055864273377560766
Philippe Coutinho,Aston Villa,31.0,"MF,FW",ATT,25.0,7500000.0,0.0,0.52,0.0,0.032198142404892216,0.7727368720324844,0.038662072702220225
Pierre Højbjerg,Tottenham Hotspur,27.0,MF,MID,1311.0,13000000.0,0.0,0.05,0.08,0.009402281536125602,0.13018363411142064,0.010910728691209121
Radu Drăgușin,Tottenham Hotspur,21.0,DF,DEF,429.0,25000000.0,0.0,0.03,0.0,0.0018575851387437816,0.013374516702434969,0.002072854654279919
Raheem Sterling,Chelsea,28.0,"FW,MF",ATT,1978.0,35000000.0,0.36363636363636365,0.29,0.2,0.09917696753176844,0.5100503527615663,0.10852659220601829
Raphaël Varane,Manchester United,30.0,DF,DEF,1375.0,20000000.0,0.06535947712418301,0.08,0.0,0.016718266247630478,0.15046304206129577,0.01890331738865702
Rasmus Højlund,Manchester United,20.0,FW,ATT,2158.0,65000000.0,0.4166666666666667,0.32,0.07,0.1003322594667089,0.27784241065190285,0.10601285711923196
Raúl Jiménez,Fulham,32.0,FW,ATT,1395.0,5000000.0,0.45161290322580644,0.33,0.1,0.10960664195541808,3.9456970653007004,0.13507025269016837
Rayan Aït-Nouri,Wolverhampton,22.0,"DF,MF",MID,2329.0,35000000.0,0.07722007722007722,0.13,0.09,0.029043744088273822,0.14936705856624988,0.0317817599110841
Reece Burke,Luton Town,26.0,DF,DEF,1660.0,1800000.0,0.0,0.07,0.07,0.009852383340510713,0.9851398200690644,0.01300247092132968
Reece James,Chelsea,23.0,DF,DEF,419.0,40000000.0,0.0,0.07,0.37,0.033501031983833085,0.15075396553440398,0.036379592889446845
Reiss Nelson,Arsenal,23.0,FW,ATT,268.0,15000000.0,0.0,0.07,0.2,0.020100131085950407,0.24119867864726113,0.023122875952216074
Remi Matthews,Crystal Palace,29.0,GK,GK,4.0,500000.0,0.0,0.0,0.0,0.0,0.0,0.0
Rhian Brewster,Sheffield United,23.0,"FW,MF",ATT,346.0,3000000.0,0.0,0.09,0.03,0.007937620280563582,0.476228643115228,0.01011670631489687
Rhys Norrington-Davies,Sheffield United,24.0,DF,DEF,110.0,2500000.0,0.0,0.0,0.01,0.0007882882881107457,0.05675267055169397,0.0010171283336502814
Richarlison,Tottenham Hotspur,26.0,FW,ATT,1491.0,38000000.0,0.6626506024096385,0.58,0.13,0.16543816881384354,0.7836507718250766,0.1801813547656845
Rico Henry,Brentford,26.0,DF,DEF,401.0,20000000.0,0.0,0.02,0.22,0.018580732430932258,0.16722508685260865,0.021009204976945917
Rico Lewis,Manchester City,18.0,"DF,MF",MID,809.0,38000000.0,0.2222222222222222,0.07,0.12,0.05379382476506443,0.2548116471477661,0.05858771463496807
Robert Sánchez,Chelsea,25.0,GK,GK,1433.0,20000000.0,0.0,0.0,0.0,0.0,0.0,0.0
Robin Olsen,Aston Villa,33.0,GK,GK,405.0,1500000.0,0.0,0.0,0.0,0.0,0.0,0.0
Rodri,Manchester City,27.0,MF,MID,2931.0,120000000.0,0.24539877300613497,0.12,0.12,0.06106157913573966,0.09159223131526252,0.06239239409140413
Rodrigo Bentancur,Tottenham Hotspur,26.0,MF,MID,1005.0,35000000.0,0.08928571428571429,0.17,0.04,0.02975089750365775,0.15300382885626287,0.03255557819015057
Rodrigo Muniz,Fulham,22.0,FW,ATT,1593.0,20000000.0,0.5084745762711864,0.49,0.12,0.13132544041568078,1.1819183264761888,0.14848946921961056
Rodrigo Ribeiro,Nottingham Forest,18.0,"MF,FW",ATT,17.0,3000000.0,0.0,0.0,0.0,0.0,0.0,0.0
Romain Faivre,Bournemouth,25.0,"MF,FW",ATT,41.0,15000000.0,0.0,0.34,0.0,0.02105263157242953,0.25262854732658646,0.02421861759186523
Roméo Lavia,Chelsea,19.0,MF,MID,33.0,35000000.0,0.0,0.0,0.0,0.0,0.0,0.0
Ross Barkley,Luton Town,29.0,MF,MID,2618.0,8000000.0,0.1718213058419244,0.14,0.13,0.04984431343208594,1.1214718191060036,0.059607783733737506
Rúben Dias,Manchester City,26.0,DF,DEF,2559.0,80000000.0,0.0,0.05,0.01,0.003884263519350382,0.008739573254498537,0.004057352299054038
Ryan Christie,Bournemouth,28.0,MF,MID,2907.0,12000000.0,0.0,0.07,0.17,0.01773526622161817,0.2660250029492283,0.020681669121120128
Ryan Gravenberch,Liverpool,21.0,MF,MID,1121.0,35000000.0,0.08,0.16,0.07,0.029825138750982055,0.15338563902176416,0.032636818318516565
Ryan John Giles,Luton Town,23.0,"DF,MF",MID,503.0,13000000.0,0.0,0.02,0.04,0.004391543244938838,0.06080514147411735,0.005096096803434381
Ryan One,Sheffield United,17.0,FW,ATT,8.0,200000.0,0.0,0.0,0.0,0.0,0.0,0.0
Ryan Yates,Nottingham Forest,25.0,MF,MID,1992.0,12000000.0,0.04524886877828054,0.12,0.04,0.018728290084250688,0.2809201374616984,0.021839666452522378
Saïd Benrahma,West Ham United,27.0,"FW,MF",ATT,620.0,20000000.0,0.0,0.27,0.21,0.03327232029901969,0.2994481876574883,0.037620960304934045
Sam Curtis,Sheffield United,17.0,DF,DEF,28.0,150000.0,0.0,0.0,0.0,0.0,0.0,0.0
Sam Johnstone,Crystal Palace,30.0,GK,GK,1796.0,10000000.0,0.0,0.0,0.0,0.0,0.0,0.0
Saman Ghoddos,Brentford,29.0,DF,DEF,739.0,2000000.0,0.12195121951219513,0.04,0.13,0.03467574743384604,3.120536420768275,0.0454302486698384
Sander Berge,Burnley,25.0,MF,MID,3005.0,20000000.0,0.029940119760479042,0.06,0.07,0.014622409848993323,0.1316005042364018,0.01653353585044871
Sandro Tonali,Newcastle United,23.0,MF,MID,438.0,38000000.0,0.2040816326530612,0.13,0.13,0.05503197720951989,0.26067655199826895,0.05993620625844257
Santiago Bueno,Wolverhampton,24.0,DF,DEF,822.0,8000000.0,0.0,0.0,0.01,0.0007882882881107457,0.017736087420524814,0.0009426976632262359
Sasa Kalajdzic,Wolverhampton,26.0,FW,ATT,166.0,5000000.0,1.1111111111111112,0.57,0.52,0.2762851085378906,9.945905854753292,0.3404711499137282
Saša Lukić,Fulham,26.0,MF,MID,1122.0,10000000.0,0.08,0.13,0.06,0.027179265324127528,0.4892179699108371,0.03205313940244394
Scott McKenna,Nottingham Forest,26.0,DF,DEF,416.0,9000000.0,0.0,0.05,0.04,0.006249128383682619,0.12498006807229092,0.007418233700785822
Scott McTominay,Manchester United,26.0,"MF,FW",ATT,1901.0,32000000.0,0.33175355450236965,0.27,0.04,0.07958705918767729,0.44767468976055486,0.08754150679619674
Séamus Coleman,Everton,34.0,DF,DEF,665.0,500000.0,0.0,0.0,0.14,0.011036036033550441,3.971543216520211,0.01598628154536647
Sean Longstaff,Newcastle United,25.0,MF,MID,2747.0,25000000.0,0.19672131147540983,0.22,0.07,0.054550145085639455,0.3927582167574434,0.06087178443346121
Serge Aurier,Nottingham Forest,30.0,"DF,MF",MID,833.0,3700000.0,0.0,0.02,0.05,0.005179831533049584,0.25197954584612775,0.006510285179820279
Sergio Gómez,Manchester City,22.0,"FW,MF",ATT,53.0,10000000.0,0.0,0.41,0.31,0.04982393382759813,0.8968146662327742,0.058758523363633644
Sergio Reguilón,Brentford,26.0,DF,DEF,1118.0,12000000.0,0.0,0.06,0.23,0.021845800904034717,0.3276820983290458,0.025475096924814578
Sergio Reguilón,Brentford,26.0,DF,DEF,1118.0,12000000.0,0.0,0.06,0.23,0.021845800904034717,0.3276820983290458,0.025475096924814578
Sergio Reguilón,Manchester United,26.0,DF,DEF,412.0,12000000.0,0.0,0.04,0.16,0.01508939279476364,0.22633749685900173,0.017596230308599338
Sergio Reguilón,Manchester United,26.0,DF,DEF,412.0,12000000.0,0.0,0.04,0.16,0.01508939279476364,0.22633749685900173,0.017596230308599338
Shandon Baptiste,Brentford,25.0,MF,MID,229.0,2500000.0,0.4,0.35,0.08,0.09997813289476341,7.197907319095991,0.1290017792303299
Simon Adingra,Brighton,21.0,FW,ATT,2222.0,30000000.0,0.24291497975708504,0.17,0.15,0.06607533644666137,0.39644963998212834,0.07295178004295115
Sofyan Amrabat,Manchester United,26.0,"MF,DF",MID,938.0,22000000.0,0.0,0.01,0.03,0.0029840599105801645,0.024414835874271467,0.0033550506487652065
Solly March,Brighton,29.0,"FW,DF",ATT,554.0,18000000.0,0.48387096774193544,0.32,0.16,0.11952362824841528,1.1952243302408503,0.13599751017729525
Son Heung-min,Tottenham Hotspur,31.0,FW,ATT,2934.0,13000000.0,0.5214723926380368,0.37,0.36,0.14515362572046075,2.0097916051687696,0.16844122596161587
Stefan Bajcetic,Liverpool,18.0,MF,MID,26.0,11000000.0,0.0,0.0,0.0,0.0,0.0,0.0
Stefan Ortega,Manchester City,30.0,GK,GK,635.0,9000000.0,0.0,0.0,0.0,0.0,0.0,0.0
Sven Botman,Newcastle United,23.0,DF,DEF,1377.0,45000000.0,0.13071895424836602,0.04,0.07,0.031524209957061046,0.1260963354429024,0.034004107723862816
Sydie Peck,Sheffield United,18.0,MF,MID,10.0,200000.0,0.0,0.0,0.0,0.0,0.0,0.0
Tahith Chong,Luton Town,23.0,"MF,FW",ATT,1982.0,6000000.0,0.18181818181818182,0.12,0.02,0.04173418984537844,1.2519881357172817,0.05082900544100664
Taiwo Awoniyi,Nottingham Forest,25.0,FW,ATT,1042.0,28000000.0,0.5172413793103449,0.41,0.15,0.1303147694564469,0.8377324182258986,0.14445547340156625
Takehiro Tomiyasu,Arsenal,24.0,DF,DEF,1149.0,35000000.0,0.15625,0.12,0.03,0.037920205408057364,0.19501719629585693,0.041495024208826094
Tariq Lamptey,Brighton,22.0,"DF,FW",ATT,914.0,12000000.0,0.0,0.04,0.12,0.011936239642320658,0.17904090902117456,0.013919236156261621
Tawanda Chirewa,Wolverhampton,19.0,"MF,FW",ATT,145.0,500000.0,0.0,0.1,0.02,0.007768527038700764,2.795663295146022,0.01125312204997476
Teden Mengi,Luton Town,21.0,DF,DEF,2469.0,12000000.0,0.03649635036496351,0.02,0.01,0.008596021443672294,0.12893838757927073,0.010024099386756373
Thiago Alcántara,Liverpool,32.0,MF,MID,6.0,10000000.0,0.0,0.0,0.0,0.0,0.0,0.0
Thiago Silva,Chelsea,38.0,DF,DEF,2527.0,1000000.0,0.10676156583629892,0.03,0.04,0.02422782013403374,4.360222784024948,0.033334494636289604
Thilo Kehrer,West Ham United,26.0,"DF,MF",MID,22.0,10000000.0,0.0,0.0,0.0,0.0,0.0,0.0
Thomas Cannon,Everton,20.0,FW,ATT,1.0,13000000.0,0.0,0.0,0.0,0.0,0.0,0.0
Thomas Kaminski,Luton Town,30.0,GK,GK,3405.0,3000000.0,0.0,0.0,0.0,0.0,0.0,0.0
Thomas Partey,Arsenal,30.0,"MF,DF",MID,788.0,18000000.0,0.0,0.05,0.03,0.005460840095571873,0.05460785487716996,0.006213504955945516
Thomas Strakosha,Brentford,28.0,GK,GK,135.0,13000000.0,0.0,0.0,0.0,0.0,0.0,0.0
Tim Iroegbunam,Aston Villa,20.0,MF,MID,164.0,4000000.0,0.0,0.0,0.0,0.0,0.0,0.0
Tim Ream,Fulham,35.0,DF,DEF,1503.0,800000.0,0.059880239520958084,0.06,0.0,0.01449361338694864,3.2603294379399075,0.020268799911580402
Timo Werner,Tottenham Hotspur,27.0,FW,ATT,809.0,17000000.0,0.2222222222222222,0.41,0.3,0.08903564552348739,0.9427203826211094,0.10165519221858736
Timothy Castagne,Fulham,27.0,DF,DEF,2634.0,17000000.0,0.034129692832764506,0.06,0.07,0.015376533001703056,0.16280862557376158,0.01755593963241647
Tom Cairney,Fulham,32.0,MF,MID,1488.0,2000000.0,0.06060606060606061,0.07,0.14,0.026279492262013204,2.364941458849892,0.0344299389842434
Tom Davies,Sheffield United,25.0,MF,MID,221.0,5000000.0,0.0,0.14,0.03,0.01103359551180322,0.39719513939989753,0.013596899852716447
Tom Lockyer,Luton Town,28.0,DF,DEF,1169.0,2500000.0,0.07692307692307693,0.08,0.05,0.022741155651152534,1.637245325219567,0.029342911852939843
Tomáš Souček,West Ham United,28.0,MF,MID,2870.0,30000000.0,0.219435736677116,0.21,0.05,0.0564429699978417,0.3386557880523219,0.06231697564759796
Tommy Doyle,Wolverhampton,21.0,MF,MID,1222.0,10000000.0,0.0,0.03,0.03,0.004222450003076019,0.07600273200619223,0.004979633443156361
Tosin Adarabioyo,Fulham,25.0,DF,DEF,1617.0,20000000.0,0.1111111111111111,0.04,0.01,0.023265068465102453,0.2093837317323365,0.026305776373611672
Toti Gomes,Wolverhampton,24.0,DF,DEF,2772.0,13000000.0,0.032467532467532464,0.05,0.04,0.0120932842255008,0.16744315544785873,0.014033460140834014
Trent Alexander-Arnold,Liverpool,24.0,DF,DEF,2155.0,70000000.0,0.12552301255230125,0.11,0.3,0.05305393640242614,0.1364240570872347,0.05582775883333245
Trevoh Chalobah,Chelsea,24.0,DF,DEF,952.0,13000000.0,0.09433962264150944,0.02,0.01,0.019007810449285845,0.2631814237088604,0.022057312581978523
Tyler Adams,Bournemouth,24.0,MF,MID,121.0,15000000.0,0.0,0.0,0.06,0.0047297297286644745,0.056756075671065644,0.005441006993226087
Tyler Onyango,Everton,20.0,MF,MID,1.0,500000.0,0.0,0.0,0.0,0.0,0.0,0.0
Tyrick Mitchell,Crystal Palace,23.0,"DF,MF",MID,3204.0,25000000.0,0.056179775280898875,0.04,0.08,0.01889544603639453,0.1360462319291707,0.02108517797882634
Tyrone Mings,Aston Villa,30.0,DF,DEF,30.0,13000000.0,0.0,0.02,0.07,0.006756408109271075,0.09354897083492641,0.007840366779499626
Łukasz Fabiański,West Ham United,38.0,GK,GK,721.0,13000000.0,0.0,0.0,0.0,0.0,0.0,0.0
Valentín Barco,Brighton,19.0,"DF,FW",ATT,307.0,13000000.0,0.0,0.05,0.07,0.008613993248014857,0.11926902432448432,0.009995972032520707
Valentino Livramento,Newcastle United,20.0,DF,DEF,1314.0,13000000.0,0.0684931506849315,0.03,0.05,0.018127793697653674,0.2509967450895035,0.021036111080631616
Victor Lindelöf,Manchester United,29.0,DF,DEF,1328.0,15000000.0,0.06756756756756756,0.05,0.02,0.016834713964758424,0.2020141434073802,0.01936639124558937
Vinicius Souza,Sheffield United,24.0,MF,MID,2668.0,13000000.0,0.03378378378378378,0.02,0.01,0.008107759459255248,0.11225973045495867,0.009408521050303577
Virgil van Dijk,Liverpool,32.0,DF,DEF,3177.0,30000000.0,0.056657223796034,0.08,0.04,0.018305013801633203,0.10982942383325622,0.020210011970471082
Vitaliy Mykolenko,Everton,24.0,DF,DEF,2469.0,28000000.0,0.07299270072992702,0.06,0.03,0.01921872126795119,0.12354812819886209,0.021304181333509566
Vitaly Janelt,Brentford,25.0,"MF,DF",MID,3054.0,22000000.0,0.029498525073746312,0.05,0.14,0.01944174577594052,0.1590675276142874,0.021858824465094517
Vitinho,Burnley,24.0,"DF,MF",MID,2314.0,7000000.0,0.0,0.06,0.05,0.007656611718041292,0.19687923871206633,0.009233956774436771
Vladimír Coufal,West Ham United,30.0,DF,DEF,3132.0,8000000.0,0.0,0.01,0.11,0.009290366215466129,0.209028536705912,0.011110156847345532
Wataru Endo,Liverpool,30.0,MF,MID,1722.0,13000000.0,0.05235602094240837,0.03,0.09,0.018376263497604364,0.2544370485307731,0.0213244439246126
Wes Foderingham,Sheffield United,32.0,GK,GK,2649.0,900000.0,0.0,0.0,0.0,0.0,0.0,0.0
Will Hughes,Crystal Palace,28.0,MF,MID,1891.0,9000000.0,0.0,0.02,0.05,0.005179831533049584,0.10359455876981627,0.006148889650466342
William Osula,Sheffield United,19.0,FW,ATT,786.0,3000000.0,0.0,0.19,0.01,0.012552994166821364,0.7531344619415653,0.015999122012589954
William Saliba,Arsenal,22.0,DF,DEF,3420.0,80000000.0,0.05263157894736842,0.04,0.01,0.012738752679839295,0.028662129039848078,0.013306411167816655
Willian,Fulham,34.0,FW,ATT,2053.0,3000000.0,0.17543859649122806,0.22,0.17,0.058602139271126556,3.5159174012235197,0.07468997148709386
Willy Boly,Nottingham Forest,32.0,DF,DEF,1438.0,2500000.0,0.125,0.09,0.08,0.03437906171211731,2.4751142350475233,0.044359301386440834
Willy Kambwala,Manchester United,18.0,DF,DEF,330.0,5000000.0,0.0,0.0,0.0,0.0,0.0,0.0
Wilson Odobert,Burnley,18.0,"MF,FW",ATT,2098.0,10000000.0,0.12875536480686695,0.12,0.14,0.04164234224449123,0.7495486685248087,0.04910978222145173
Yasser Larouci,Sheffield United,22.0,DF,DEF,531.0,3000000.0,0.0,0.04,0.05,0.006418221625545438,0.385070193321127,0.008180192671669724
Yehor Yarmoliuk,Brentford,19.0,MF,MID,688.0,13000000.0,0.0,0.13,0.01,0.0088378238893338,0.12236817490835389,0.010255712755113094
Yoane Wissa,Brentford,26.0,FW,ATT,2493.0,28000000.0,0.4332129963898917,0.38,0.14,0.11254378710996084,0.7234911232639558,0.12475612789851881
Youri Tielemans,Aston Villa,26.0,"MF,FW",ATT,1622.0,25000000.0,0.1111111111111111,0.07,0.14,0.03537040134928593,0.25466505612645457,0.03946936241651794
Youssef Chermiti,Everton,19.0,FW,ATT,208.0,9000000.0,0.0,0.31,0.34,0.045996848229451104,0.9199185662176976,0.05460207387587166
Yves Bissouma,Tottenham Hotspur,26.0,MF,MID,2068.0,35000000.0,0.0,0.06,0.02,0.005291746853709055,0.027214558144204683,0.005790611138276679
Zack Nelson,Luton Town,18.0,"MF,DF",MID,7.0,100000.0,0.0,0.0,0.0,0.0,0.0,0.0
Zeki Amdouni,Burnley,22.0,FW,ATT,1953.0,12000000.0,0.2304147465437788,0.27,0.07,0.06371093862675957,0.9556497446552237,0.07429539176967653
