,year,Rank,Points,GD,GF,GA,Win,Draw,Loss,g_age,g_total_value,g_avg_value,d_age,d_total_value,d_avg_value,m_age,m_total_value,m_avg_value,a_age,a_total_value,a_avg_value,link,bought,sold,attendance,name,squad_age,squad_total_value,squad_avg_value,net_spent_transfer,count,point_last
0,2018,1,98,72,95,21,32,2,4,27.0,67050000,22350000,26.6,274950000,27500000,28.33,226800000,37800000,24.86,485100000,69300000,/manchester-city/startseite/verein/281/saison_id/2018,69380000,48690000,54130,manchester city,26.6975,263475000,39237500,-20690000,14,100.0
1,2017,1,100,79,106,27,32,4,2,27.0,38930000,9730000,23.91,171680000,15610000,26.25,143100000,17890000,21.0,201020000,22340000,/manchester-city/startseite/verein/281/saison_id/2017,285750000,82220000,53812,manchester city,24.54,138682500,16392500,-203530000,14,78.0
2,2016,3,78,41,80,39,23,9,6,29.0,31500000,7880000,25.07,164340000,10960000,25.85,198680000,15280000,21.67,164750000,13730000,/manchester-city/startseite/verein/281/saison_id/2016,192150000,31820000,54019,manchester city,25.3975,139817500,11962500,-160330000,14,66.0
3,2015,4,66,30,71,41,19,9,10,32.67,19130000,6380000,24.67,134550000,8970000,24.08,156960000,12070000,20.71,96840000,13830000,/manchester-city/startseite/verein/281/saison_id/2015,187470000,60690000,54041,manchester city,25.5325,101870000,10312500,-126780000,14,79.0
4,2014,2,79,45,83,38,24,7,7,31.67,19130000,6380000,25.21,156380000,11170000,24.92,146250000,12190000,23.86,108450000,15490000,/manchester-city/startseite/verein/281/saison_id/2014,79470000,27560000,45365,manchester city,26.415,107552500,11307500,-51910000,14,86.0
5,2013,1,86,65,102,37,27,5,6,29.0,24530000,8180000,25.73,134780000,12250000,25.63,163800000,20480000,23.33,114300000,19050000,/manchester-city/startseite/verein/281/saison_id/2013,104400000,10170000,47080,manchester city,25.9225,109352500,14990000,-94230000,14,78.0
6,2012,2,78,32,66,34,23,9,6,25.75,24530000,6130000,24.64,136800000,9770000,23.46,163260000,12560000,22.4,144090000,14410000,/manchester-city/startseite/verein/281/saison_id/2012,55760000,39870000,46974,manchester city,24.0625,117170000,10717500,-15890000,14,89.0
7,2011,1,89,64,93,29,28,5,5,26.0,16830000,5610000,24.0,110700000,8520000,25.18,139500000,12680000,23.56,148590000,16510000,/manchester-city/startseite/verein/281/saison_id/2011,81950000,28080000,47045,manchester city,24.685,103905000,10830000,-53870000,14,71.0
8,2010,3,71,27,60,33,21,8,9,28.25,17100000,4280000,21.95,94300000,4960000,24.1,100040000,10000000,23.58,132840000,11070000,/manchester-city/startseite/verein/281/saison_id/2010,165240000,33440000,45905,manchester city,24.47,86070000,7577500,-131800000,14,67.0
9,2009,5,67,28,73,45,18,13,7,26.2,16700000,3340000,23.86,85050000,6080000,22.67,59180000,6580000,24.58,122490000,10210000,/manchester-city/startseite/verein/281/saison_id/2009,132570000,27860000,45470,manchester city,24.3275,70855000,6552500,-104710000,14,50.0
10,2008,10,50,8,58,50,15,5,18,24.67,11480000,3830000,23.79,63720000,4550000,23.13,37580000,4700000,23.42,109350000,9110000,/manchester-city/startseite/verein/281/saison_id/2008,141620000,23850000,42903,manchester city,23.7525,55532500,5547500,-117770000,14,55.0
11,2007,9,55,-8,45,53,15,10,13,21.67,5450000,1820000,23.0,24480000,2230000,24.25,20340000,2540000,23.69,48290000,3710000,/manchester-city/startseite/verein/281/saison_id/2007,70160000,9510000,42126,manchester city,23.1525,24640000,2575000,-60650000,14,42.0
12,2006,14,42,-15,29,44,11,9,18,23.33,6840000,2280000,24.29,38930000,2780000,25.5,18180000,3030000,25.0,22820000,2540000,/manchester-city/startseite/verein/281/saison_id/2006,5850000,3780000,39997,manchester city,24.53,21692500,2657500,-2070000,14,43.0
13,2005,15,43,-5,43,48,13,4,21,27.75,6260000,1560000,24.09,27250000,2480000,23.86,7540000,1080000,25.33,27720000,3080000,/manchester-city/startseite/verein/281/saison_id/2005,11230000,29250000,42856,manchester city,25.2575,17192500,2050000,18020000,14,74.5
14,2018,2,97,67,89,22,30,7,1,29.33,79650000,26550000,25.22,302850000,33650000,27.86,234000000,33430000,25.25,384300000,48040000,/fc-liverpool/startseite/verein/31/saison_id/2018,163980000,36990000,52983,liverpool,26.915,250200000,35417500,-126990000,14,75.0
15,2017,4,75,46,84,38,21,12,5,26.5,21150000,5290000,23.5,110700000,9230000,24.5,121500000,15190000,22.91,192150000,17470000,/fc-liverpool/startseite/verein/31/saison_id/2017,156490000,175050000,53049,liverpool,24.3525,111375000,11795000,18560000,14,76.0
16,2016,4,76,36,78,42,22,10,6,28.2,20430000,4090000,23.27,92930000,8450000,23.45,105840000,9620000,21.27,135540000,12320000,/fc-liverpool/startseite/verein/31/saison_id/2016,71910000,76840000,53016,liverpool,24.0475,88685000,8620000,4930000,14,60.0
17,2015,8,60,13,63,50,16,12,10,23.2,12830000,2570000,22.94,95940000,5640000,23.0,84200000,7650000,20.73,99540000,9050000,/fc-liverpool/startseite/verein/31/saison_id/2015,112860000,81500000,43910,liverpool,22.4675,73127500,6227500,-31360000,14,62.0
18,2014,6,62,4,52,48,18,8,12,26.33,12150000,4050000,24.82,85500000,7770000,22.9,61650000,6170000,21.36,97200000,8840000,/fc-liverpool/startseite/verein/31/saison_id/2014,136290000,89340000,44659,liverpool,23.8525,64125000,6707500,-46950000,14,84.0
19,2013,2,84,51,101,50,26,6,6,26.5,15300000,3830000,23.93,89100000,6360000,22.0,51300000,5700000,21.44,100350000,11150000,/fc-liverpool/startseite/verein/31/saison_id/2013,52290000,29340000,44671,liverpool,23.4675,64012500,6760000,-22950000,14,61.0
20,2012,7,61,28,71,43,16,13,9,25.0,15750000,3940000,22.43,65700000,4690000,25.0,90900000,9090000,19.77,75560000,5810000,/fc-liverpool/startseite/verein/31/saison_id/2012,63540000,9410000,44749,liverpool,23.05,61977500,5882500,-54130000,14,52.0
21,2011,8,52,7,47,40,14,10,14,27.25,22500000,5630000,23.82,57830000,5260000,24.5,76500000,9560000,24.38,70650000,8830000,/fc-liverpool/startseite/verein/31/saison_id/2011,59870000,20610000,44253,liverpool,24.9875,56870000,7320000,-39260000,14,58.0
22,2010,6,58,15,59,44,17,7,14,24.4,21240000,4250000,22.73,70250000,4680000,25.33,122580000,13620000,22.62,114890000,8840000,/fc-liverpool/startseite/verein/31/saison_id/2010,87770000,91350000,42824,liverpool,23.77,82240000,7847500,3580000,14,63.0
23,2009,7,63,26,61,35,18,9,11,23.67,18900000,6300000,23.0,70290000,5410000,24.0,95940000,13710000,24.18,118040000,10730000,/fc-liverpool/startseite/verein/31/saison_id/2009,39150000,43700000,42864,liverpool,23.7125,75792500,9037500,4550000,14,86.0
24,2008,2,86,50,77,27,25,11,2,22.2,15140000,3030000,24.4,50180000,5020000,23.43,92430000,13200000,24.09,103910000,9450000,/fc-liverpool/startseite/verein/31/saison_id/2008,64310000,41360000,43611,liverpool,23.53,65415000,7675000,-22950000,14,76.0
25,2007,4,76,39,67,28,21,13,4,22.5,16880000,4220000,23.46,57270000,4410000,20.31,77600000,5970000,23.64,80810000,7350000,/fc-liverpool/startseite/verein/31/saison_id/2007,81630000,40730000,43532,liverpool,22.4775,58140000,5487500,-40900000,14,68.0
26,2006,3,68,30,57,27,20,8,10,24.0,12690000,3170000,22.93,55670000,3710000,20.5,67370000,8420000,25.0,64710000,5880000,/fc-liverpool/startseite/verein/31/saison_id/2006,41400000,18900000,43561,liverpool,23.1075,50110000,5295000,-22500000,14,82.0
27,2005,3,82,32,57,25,25,7,6,23.0,9500000,2370000,23.31,40410000,3110000,22.44,54090000,6010000,24.27,81990000,7450000,/fc-liverpool/startseite/verein/31/saison_id/2005,39650000,17140000,44236,liverpool,23.255,46497500,4735000,-22510000,14,71.5
28,2018,3,72,24,63,39,21,9,8,31.25,55580000,13890000,26.23,230400000,17720000,25.88,253800000,31730000,27.29,283500000,40500000,/fc-chelsea/startseite/verein/631/saison_id/2018,189000000,55580000,40441,chelsea,27.6625,205820000,25960000,-133420000,14,70.0
29,2017,5,70,24,62,38,21,7,10,28.2,39740000,7950000,22.63,168750000,8880000,23.18,148500000,13500000,24.0,227700000,20700000,/fc-chelsea/startseite/verein/631/saison_id/2017,234540000,180540000,41282,chelsea,24.5025,146172500,12757500,-54000000,14,93.0
30,2016,1,93,52,85,33,30,3,5,26.2,44780000,8960000,24.0,130550000,7250000,22.42,152550000,12710000,23.86,215100000,15360000,/fc-chelsea/startseite/verein/631/saison_id/2016,119520000,97560000,41508,chelsea,24.12,135745000,11070000,-21960000,14,50.0
31,2015,10,50,6,59,53,12,14,12,26.25,39060000,9770000,22.86,81360000,5810000,23.0,151650000,16850000,24.15,249750000,19210000,/fc-chelsea/startseite/verein/631/saison_id/2015,81450000,78740000,41500,chelsea,24.065,130455000,12910000,-2710000,14,87.0
32,2014,1,87,41,73,32,26,9,3,26.6,41580000,8320000,24.0,87300000,8730000,23.0,147060000,18380000,23.47,197550000,13170000,/fc-chelsea/startseite/verein/631/saison_id/2014,123930000,130370000,41546,chelsea,24.2675,118372500,12150000,6440000,14,82.0
33,2013,3,82,44,71,27,25,7,6,28.0,40500000,6750000,23.62,112570000,8660000,23.71,167400000,11960000,22.19,204210000,12760000,/fc-chelsea/startseite/verein/631/saison_id/2013,117320000,69690000,41482,chelsea,24.38,131170000,10032500,-47630000,14,75.0
34,2012,3,75,36,75,39,22,9,7,31.0,24300000,8100000,25.1,91350000,9140000,23.67,150300000,12530000,24.44,123300000,13700000,/fc-chelsea/startseite/verein/631/saison_id/2012,98730000,22910000,41462,chelsea,26.0525,97312500,10867500,-75820000,14,64.0
35,2011,6,64,19,65,46,18,10,10,26.75,25200000,6300000,27.33,132750000,14750000,23.4,125100000,12510000,26.11,137700000,15300000,/fc-chelsea/startseite/verein/631/saison_id/2011,86810000,29160000,41484,chelsea,25.8975,105187500,12215000,-57650000,14,71.0
36,2010,2,71,36,69,33,21,8,9,29.0,25430000,8480000,24.17,116150000,9680000,22.11,111690000,12410000,25.67,148280000,16480000,/fc-chelsea/startseite/verein/631/saison_id/2010,109350000,14850000,41435,chelsea,25.2375,100387500,11762500,-94500000,14,86.0
37,2009,1,86,71,103,32,27,5,6,24.2,27230000,5450000,25.82,115650000,10510000,25.89,155750000,17310000,23.45,101070000,9190000,/fc-chelsea/startseite/verein/631/saison_id/2009,27000000,3420000,41423,chelsea,24.84,99925000,10615000,-23580000,14,83.0
38,2008,3,83,44,68,24,25,8,5,27.5,27900000,6980000,26.7,111020000,11100000,25.67,130550000,14510000,23.2,117720000,11770000,/fc-chelsea/startseite/verein/631/saison_id/2008,27450000,40100000,41588,chelsea,25.7675,96797500,11090000,12650000,14,85.0
39,2007,2,85,39,65,26,25,10,3,26.5,27270000,6820000,24.23,101120000,7780000,23.15,123530000,9500000,24.78,128930000,14330000,/fc-chelsea/startseite/verein/631/saison_id/2007,53100000,39290000,41397,chelsea,24.665,95212500,9607500,-13810000,14,83.0
40,2006,2,83,40,64,24,24,11,3,25.83,25580000,4260000,23.18,102290000,9300000,22.54,122450000,9420000,22.29,113180000,16170000,/fc-chelsea/startseite/verein/631/saison_id/2006,80080000,47340000,41510,chelsea,23.46,90875000,9787500,-32740000,14,91.0
41,2005,1,91,50,72,22,29,4,5,23.5,21760000,5440000,24.0,94950000,11870000,24.5,117000000,11700000,24.5,83250000,13880000,/fc-chelsea/startseite/verein/631/saison_id/2005,82350000,30690000,41902,chelsea,24.125,79240000,10722500,-51660000,14,82.5
42,2018,4,71,28,67,39,23,2,13,31.33,25200000,8400000,25.7,221400000,22140000,24.38,277200000,34650000,27.17,269550000,44930000,/tottenham-hotspur/startseite/verein/148/saison_id/2018,0,4820000,54216,tottenham hotspur,27.145,198337500,27530000,4820000,14,77.0
43,2017,3,77,38,74,36,23,8,7,26.5,26100000,6530000,23.73,132980000,12090000,22.9,161640000,16160000,23.44,161100000,17900000,/tottenham-hotspur/startseite/verein/148/saison_id/2017,109350000,93420000,67496,tottenham hotspur,24.1425,120455000,13170000,-15930000,14,86.0
44,2016,2,86,60,86,26,26,8,4,23.8,27450000,5490000,24.4,97200000,9720000,22.29,123300000,8810000,20.67,99000000,11000000,/tottenham-hotspur/startseite/verein/148/saison_id/2016,75240000,47070000,31639,tottenham hotspur,22.79,86737500,8755000,-28170000,14,70.0
45,2015,3,70,34,69,35,19,13,6,26.0,22500000,7500000,23.18,75600000,6870000,21.45,61880000,5630000,22.5,68400000,11400000,/tottenham-hotspur/startseite/verein/148/saison_id/2015,63900000,78820000,35776,tottenham hotspur,23.2825,57095000,7850000,14920000,14,64.0
46,2014,5,64,5,58,53,19,7,12,27.8,21600000,4320000,23.8,84650000,5640000,21.71,83160000,5940000,24.38,79020000,9880000,/tottenham-hotspur/startseite/verein/148/saison_id/2014,43620000,39740000,35728,tottenham hotspur,24.4225,67107500,6445000,-3880000,14,69.0
47,2013,6,69,4,55,51,21,6,11,30.0,15300000,3830000,22.08,69300000,5780000,20.79,90000000,6430000,23.64,91800000,8350000,/tottenham-hotspur/startseite/verein/148/saison_id/2013,109690000,121880000,35808,tottenham hotspur,24.1275,66600000,6097500,12190000,14,72.0
48,2012,5,72,20,66,46,21,9,8,30.8,20250000,4050000,24.27,75420000,6860000,23.71,86940000,6210000,22.73,97760000,8890000,/tottenham-hotspur/startseite/verein/148/saison_id/2012,65930000,65500000,36066,tottenham hotspur,25.3775,70092500,6502500,-430000,14,69.0
49,2011,4,69,25,66,41,20,9,9,35.67,12600000,4200000,24.06,61970000,3870000,22.38,96440000,6030000,23.87,113490000,7570000,/tottenham-hotspur/startseite/verein/148/saison_id/2011,8510000,38930000,36036,tottenham hotspur,26.495,71125000,5417500,30420000,14,62.0
50,2010,5,62,9,55,46,16,14,8,28.0,12670000,2530000,24.29,81290000,5810000,23.5,92340000,9230000,24.78,80100000,8900000,/tottenham-hotspur/startseite/verein/148/saison_id/2010,23940000,2640000,35722,tottenham hotspur,25.1425,66600000,6617500,-21300000,14,70.0
51,2009,4,70,26,67,41,21,7,10,28.0,9410000,1880000,23.0,62190000,4440000,22.1,71240000,7120000,22.58,81450000,6790000,/tottenham-hotspur/startseite/verein/148/saison_id/2009,36270000,28530000,35794,tottenham hotspur,23.92,56072500,5057500,-7740000,14,51.0
52,2008,8,51,0,45,45,14,9,15,27.0,11700000,2340000,23.08,56700000,4730000,21.79,60120000,4290000,21.75,95990000,8000000,/tottenham-hotspur/startseite/verein/148/saison_id/2008,128210000,79250000,35929,tottenham hotspur,23.405,56127500,4840000,-48960000,14,46.0
53,2007,11,46,5,66,61,11,13,14,25.0,8850000,2210000,23.13,59510000,3720000,24.22,41420000,4600000,22.25,67500000,8440000,/tottenham-hotspur/startseite/verein/148/saison_id/2007,84740000,20300000,35967,tottenham hotspur,23.65,44320000,4742500,-64440000,14,60.0
54,2006,5,60,3,57,54,17,9,12,24.2,9230000,1850000,23.15,40480000,3110000,23.64,51440000,4680000,21.44,49070000,5450000,/tottenham-hotspur/startseite/verein/148/saison_id/2006,54900000,34790000,35701,tottenham hotspur,23.1075,37555000,3772500,-20110000,14,65.0
55,2005,5,65,15,53,38,18,11,9,28.0,7610000,3800000,25.3,33860000,3390000,24.6,48440000,4840000,22.38,41040000,5130000,/tottenham-hotspur/startseite/verein/148/saison_id/2005,32860000,20390000,36074,tottenham hotspur,25.07,32737500,4290000,-12470000,14,69.0
56,2018,5,70,22,73,51,21,7,10,27.6,31280000,6260000,27.08,139950000,11660000,25.44,231300000,25700000,25.8,166500000,33300000,/fc-arsenal/startseite/verein/11/saison_id/2018,72140000,6210000,59899,arsenal,26.48,142257500,19230000,-65930000,14,63.0
57,2017,6,63,23,74,51,19,6,13,26.75,13050000,3260000,24.36,132840000,9490000,22.47,210420000,12380000,24.3,214200000,21420000,/fc-arsenal/startseite/verein/11/saison_id/2017,137570000,140580000,59323,arsenal,24.47,142627500,11637500,3010000,14,75.0
58,2016,5,75,33,77,44,23,6,9,26.2,30600000,6120000,24.46,128930000,9920000,22.31,181800000,13980000,23.45,129150000,11740000,/fc-arsenal/startseite/verein/11/saison_id/2016,101740000,9320000,59957,arsenal,24.105,117620000,10440000,-92420000,14,71.0
59,2015,2,71,29,65,36,20,11,7,25.25,18000000,4500000,24.6,98100000,9810000,23.63,139140000,8700000,22.27,112500000,10230000,/fc-arsenal/startseite/verein/11/saison_id/2015,23850000,2250000,59944,arsenal,23.9375,91935000,8310000,-21600000,14,75.0
60,2014,3,75,35,71,36,22,9,7,21.2,18270000,3650000,23.17,72360000,6030000,23.93,156600000,11190000,22.45,116690000,10610000,/fc-arsenal/startseite/verein/11/saison_id/2014,107080000,25020000,59992,arsenal,22.6875,90980000,7870000,-82060000,14,79.0
61,2013,4,79,27,68,41,24,7,7,26.0,21150000,7050000,25.22,82170000,9130000,23.41,134550000,7910000,21.83,69210000,5770000,/fc-arsenal/startseite/verein/11/saison_id/2013,44330000,10940000,60013,arsenal,24.115,76770000,7465000,-33390000,14,73.0
62,2012,4,73,35,72,37,21,10,7,22.6,15530000,3110000,22.8,80100000,5340000,23.42,91800000,7650000,22.8,76950000,7700000,/fc-arsenal/startseite/verein/11/saison_id/2012,50400000,59270000,60079,arsenal,22.905,66095000,5950000,8870000,14,70.0
63,2011,3,70,25,74,49,21,7,10,24.4,9000000,1800000,22.75,67590000,5630000,22.0,92950000,6200000,24.38,112100000,8620000,/fc-arsenal/startseite/verein/11/saison_id/2011,58930000,70460000,60000,arsenal,23.3825,70410000,5562500,11530000,14,68.0
64,2010,4,68,29,72,43,19,11,8,26.5,12130000,2020000,23.89,66600000,7400000,21.33,112140000,9350000,23.43,83070000,11870000,/fc-arsenal/startseite/verein/11/saison_id/2010,20700000,7290000,60023,arsenal,23.7875,68485000,7660000,-13410000,14,75.0
65,2009,3,75,42,83,41,23,6,9,22.8,10710000,2140000,23.53,73080000,4870000,19.81,93060000,5820000,21.56,76050000,8450000,/fc-arsenal/startseite/verein/11/saison_id/2009,10800000,42930000,59927,arsenal,21.925,63225000,5320000,32130000,14,72.0
66,2008,4,72,31,68,37,20,12,6,23.0,8190000,2050000,22.92,71150000,5930000,19.27,78030000,5200000,21.2,69750000,6980000,/fc-arsenal/startseite/verein/11/saison_id/2008,36140000,23220000,60040,arsenal,21.5975,56780000,5040000,-12920000,14,83.0
67,2007,3,83,43,74,31,24,11,3,27.0,10940000,2730000,21.58,62780000,5230000,20.71,80710000,5760000,21.4,38210000,7640000,/fc-arsenal/startseite/verein/11/saison_id/2007,27860000,51050000,60083,arsenal,22.6725,48160000,5340000,23190000,14,68.0
68,2006,4,68,28,63,35,19,11,8,29.25,7020000,1760000,21.47,42170000,2810000,21.67,80550000,6710000,21.33,69530000,11590000,/fc-arsenal/startseite/verein/11/saison_id/2006,13500000,11720000,60040,arsenal,23.43,49817500,5717500,-1780000,14,67.0
69,2005,4,67,37,68,31,20,7,11,28.5,4660000,1160000,22.58,55760000,4650000,22.0,56770000,5160000,21.2,79880000,7990000,/fc-arsenal/startseite/verein/11/saison_id/2005,41400000,22500000,38184,arsenal,23.57,49267500,4740000,-18900000,14,71.5
70,2018,6,66,11,65,54,19,9,10,32.0,62330000,20780000,25.85,177300000,13640000,26.71,204300000,29190000,24.83,262350000,43730000,/manchester-united/startseite/verein/985/saison_id/2018,74430000,27500000,74498,manchester united,27.3475,176570000,26835000,-46930000,14,81.0
71,2017,2,81,40,68,28,25,6,7,25.25,42390000,10600000,24.54,159750000,12290000,25.4,196650000,19670000,25.38,181800000,22730000,/manchester-united/startseite/verein/985/saison_id/2017,178560000,40950000,74976,manchester united,25.1425,145147500,16322500,-137610000,14,69.0
72,2016,6,69,25,54,29,18,15,5,22.67,40730000,6790000,23.36,122400000,8740000,24.31,202500000,15580000,22.78,114300000,12700000,/manchester-united/startseite/verein/985/saison_id/2016,166500000,42440000,75290,manchester united,23.28,119982500,10952500,-124060000,14,66.0
73,2015,5,66,14,49,35,19,9,10,24.0,32180000,5360000,21.53,94500000,5560000,24.0,121590000,11050000,21.7,88470000,8850000,/manchester-united/startseite/verein/985/saison_id/2015,140400000,91860000,75279,manchester united,22.8075,84185000,7705000,-48540000,14,70.0
74,2014,4,70,25,62,37,20,10,8,26.0,29480000,5900000,22.6,102470000,6830000,25.0,118350000,11840000,23.69,219870000,16910000,/manchester-united/startseite/verein/985/saison_id/2014,175820000,44360000,75335,manchester united,24.3225,117542500,10370000,-131460000,14,64.0
75,2013,7,64,21,64,43,19,7,12,23.5,21830000,5460000,25.67,141300000,11780000,27.63,121500000,15190000,21.92,175950000,13530000,/manchester-united/startseite/verein/985/saison_id/2013,69420000,1620000,75207,manchester united,24.68,115145000,11490000,-67800000,14,89.0
76,2012,1,89,43,86,43,28,5,5,22.5,20930000,5230000,24.0,146120000,10440000,26.0,61650000,6170000,22.0,181710000,13980000,/manchester-united/startseite/verein/985/saison_id/2012,68810000,9790000,75530,manchester united,23.625,102602500,8955000,-59020000,14,89.0
77,2011,2,89,56,89,33,28,5,5,24.25,16380000,4100000,22.38,137930000,8620000,25.45,79200000,7200000,23.1,124920000,12490000,/manchester-united/startseite/verein/985/saison_id/2011,56070000,13020000,75387,manchester united,23.795,89607500,8102500,-43050000,14,80.0
78,2010,1,80,41,78,37,23,11,4,28.25,8460000,2120000,25.08,132120000,10160000,23.6,95270000,6350000,22.27,109890000,9990000,/manchester-united/startseite/verein/985/saison_id/2010,26370000,15580000,74989,manchester united,24.8,86435000,7155000,-10790000,14,85.0
79,2009,2,85,58,86,28,27,4,7,27.5,10440000,2610000,24.5,120020000,10000000,24.62,92070000,7080000,21.36,104130000,9470000,/manchester-united/startseite/verein/985/saison_id/2009,24660000,94020000,74864,manchester united,24.495,81665000,7290000,69360000,14,90.0
80,2008,1,90,44,68,24,28,6,4,25.0,10620000,2120000,23.15,76410000,5880000,22.86,85230000,6090000,21.6,150660000,15070000,/manchester-united/startseite/verein/985/saison_id/2008,40730000,6710000,75304,manchester united,23.1525,80730000,7290000,-34020000,14,87.0
81,2007,1,87,58,80,22,27,6,5,26.5,10710000,2680000,24.33,70650000,5890000,23.64,96030000,8730000,22.18,110160000,10010000,/manchester-united/startseite/verein/985/saison_id/2007,93150000,41940000,75691,manchester united,24.1625,71887500,6827500,-51210000,14,89.0
82,2006,1,89,56,83,27,28,5,5,26.33,7740000,2580000,23.0,76370000,5090000,22.75,50400000,4200000,24.38,72090000,9010000,/manchester-united/startseite/verein/985/saison_id/2006,24480000,16200000,75826,manchester united,24.115,51650000,5220000,-8280000,14,83.0
83,2005,2,83,38,72,34,25,8,5,26.67,8330000,2780000,23.58,74360000,6200000,24.36,73800000,6710000,22.5,103140000,12890000,/manchester-united/startseite/verein/985/saison_id/2005,28620000,7110000,68765,manchester united,24.2775,64907500,7145000,-21510000,14,82.0
84,2018,7,57,1,47,46,16,9,13,27.5,20930000,5230000,25.5,65030000,8130000,25.2,77400000,15480000,24.13,103500000,12940000,/wolverhampton-wanderers/startseite/verein/543/saison_id/2018,101030000,20750000,31025,wolverhampton wanderers,25.5825,66715000,10445000,-80280000,4,25.0
85,2011,20,25,-42,40,82,5,10,23,26.33,3150000,1050000,25.0,28800000,2620000,23.18,20030000,1820000,23.25,23180000,1930000,/wolverhampton-wanderers/startseite/verein/543/saison_id/2011,10850000,2340000,25677,wolverhampton wanderers,24.44,18790000,1855000,-8510000,4,40.0
86,2010,17,40,-20,46,66,11,7,20,30.0,4410000,1100000,22.81,23360000,1460000,23.3,18950000,1890000,23.08,22410000,1870000,/wolverhampton-wanderers/startseite/verein/543/saison_id/2010,18190000,5790000,27696,wolverhampton wanderers,24.7975,17282500,1580000,-12400000,4,38.0
87,2009,15,38,-24,32,56,9,11,18,27.5,3870000,968000,24.47,20120000,1340000,24.43,12560000,1790000,22.18,17190000,1560000,/wolverhampton-wanderers/startseite/verein/543/saison_id/2009,17510000,783000,28366,wolverhampton wanderers,24.645,13435000,1414500,-16727000,4,39.0
88,2018,8,54,8,54,46,15,9,14,30.5,36900000,18450000,27.17,109580000,9130000,25.22,119700000,13300000,24.83,131400000,21900000,/fc-everton/startseite/verein/29/saison_id/2018,89820000,25790000,39043,everton,26.93,99395000,15695000,-64030000,14,49.0
89,2017,8,49,-14,44,58,13,10,15,26.0,19800000,4950000,24.56,87080000,5440000,22.57,104850000,7490000,23.93,100350000,7170000,/fc-everton/startseite/verein/29/saison_id/2017,182880000,113830000,38797,everton,24.265,78020000,6262500,-69050000,14,61.0
90,2016,7,61,18,62,44,17,10,11,26.0,3600000,1200000,24.75,58500000,4880000,24.8,88200000,8820000,24.79,105620000,7540000,/fc-everton/startseite/verein/29/saison_id/2016,77310000,54720000,39080,everton,25.085,63980000,5610000,-22590000,14,47.0
91,2015,11,47,4,59,55,11,14,13,26.67,4590000,1530000,24.0,53620000,3830000,23.45,48600000,4420000,26.18,76910000,6990000,/fc-everton/startseite/verein/29/saison_id/2015,44010000,9900000,38124,everton,25.075,45930000,4192500,-34110000,14,47.0
92,2014,11,47,-2,48,50,12,11,15,25.67,4950000,1650000,24.85,45500000,3500000,22.17,33530000,2790000,25.33,75780000,6320000,/fc-everton/startseite/verein/29/saison_id/2014,36140000,1710000,38406,everton,24.505,39940000,3565000,-34430000,14,72.0
93,2013,5,72,22,61,39,21,9,8,25.0,4950000,1650000,26.27,51300000,4660000,24.29,49950000,7140000,24.23,89550000,6890000,/fc-everton/startseite/verein/29/saison_id/2013,28620000,41490000,37732,everton,24.9475,48937500,5085000,12870000,14,63.0
94,2012,6,63,15,55,40,16,15,7,26.33,4950000,1650000,25.33,45950000,3830000,24.5,30380000,5060000,23.38,31120000,3890000,/fc-everton/startseite/verein/29/saison_id/2012,19490000,16880000,36356,everton,24.885,28100000,3607500,-2610000,14,56.0
95,2011,7,56,10,50,40,15,11,12,33.0,12150000,4050000,26.44,48220000,5360000,23.33,78750000,6560000,24.5,32760000,2730000,/fc-everton/startseite/verein/29/saison_id/2011,6480000,24120000,33228,everton,26.8175,42970000,4675000,17640000,14,54.0
96,2010,7,54,6,51,45,13,15,10,28.0,11880000,3960000,24.7,41920000,4190000,22.78,69980000,7780000,22.9,36900000,3690000,/fc-everton/startseite/verein/29/saison_id/2010,1530000,5940000,36064,everton,24.595,40170000,4905000,4410000,14,61.0
97,2009,8,61,11,60,49,16,13,9,28.0,8730000,2180000,23.63,74480000,4650000,20.92,65660000,5470000,22.8,50540000,5050000,/fc-everton/startseite/verein/29/saison_id/2009,20970000,25510000,36725,everton,23.8375,49852500,4337500,4540000,14,63.0
98,2008,5,63,18,55,37,17,12,9,29.0,6570000,2190000,25.7,41670000,4170000,21.2,43540000,4350000,22.78,55670000,6190000,/fc-everton/startseite/verein/29/saison_id/2008,22570000,11970000,35667,everton,24.67,36862500,4225000,-10600000,14,65.0
99,2007,5,65,22,55,33,19,8,11,24.75,5760000,1440000,25.7,31370000,3140000,23.9,35640000,3560000,22.63,31910000,3990000,/fc-everton/startseite/verein/29/saison_id/2007,33800000,14220000,36955,everton,24.245,26170000,3032500,-19580000,14,58.0
100,2006,6,58,16,52,36,15,13,10,25.67,3390000,1130000,27.09,28670000,2610000,25.1,31680000,3170000,22.83,27410000,4570000,/fc-everton/startseite/verein/29/saison_id/2006,16110000,2250000,36752,everton,25.1725,22787500,2870000,-13860000,14,50.0
101,2005,11,50,-15,34,49,14,8,16,26.8,7700000,1540000,26.25,39920000,3330000,26.29,22950000,3280000,23.86,28240000,4030000,/fc-everton/startseite/verein/29/saison_id/2005,29270000,6300000,36860,everton,25.8,24702500,3045000,-22970000,14,57.0
102,2018,9,52,3,51,48,15,7,16,30.67,18680000,6230000,27.89,129380000,14380000,23.7,143100000,14310000,26.14,58050000,8290000,/leicester-city/startseite/verein/1003/saison_id/2018,103140000,86220000,31851,leicester city,27.1,87302500,10802500,-16920000,5,47.0
103,2017,9,47,-4,56,60,12,11,15,30.33,10350000,3450000,26.5,38250000,3830000,24.2,66470000,6650000,24.55,111830000,10170000,/leicester-city/startseite/verein/1003/saison_id/2017,79060000,43110000,31583,leicester city,26.395,56725000,6025000,-35950000,5,44.0
104,2016,12,44,-15,48,63,12,8,18,28.0,12150000,4050000,27.7,23850000,2390000,22.7,35100000,3510000,25.75,86400000,10800000,/leicester-city/startseite/verein/1003/saison_id/2016,82440000,59450000,31893,leicester city,26.0375,39375000,5187500,-22990000,5,81.0
105,2015,1,81,32,68,36,23,12,3,29.25,4280000,1070000,28.1,17550000,1760000,25.33,25650000,2850000,23.25,34650000,2890000,/leicester-city/startseite/verein/1003/saison_id/2015,44910000,8510000,32021,leicester city,26.4825,20532500,2142500,-36400000,5,41.0
106,2014,14,41,-9,46,55,11,8,19,28.6,4860000,972000,28.2,14760000,1480000,24.36,14130000,1280000,24.18,16520000,1500000,/leicester-city/startseite/verein/1003/saison_id/2014,20570000,0,31693,leicester city,26.335,12567500,1308000,-20570000,5,47.0
107,2018,10,52,-3,52,55,15,7,16,33.0,7650000,3830000,27.67,80100000,8900000,27.0,86850000,9650000,28.4,136800000,13680000,/west-ham-united/startseite/verein/379/saison_id/2018,90810000,13380000,58336,west ham united,29.0175,77850000,9015000,-77430000,13,42.0
108,2017,13,42,-20,48,68,10,12,16,26.0,18900000,6300000,25.36,59040000,4220000,22.08,71240000,5940000,24.83,89190000,7430000,/west-ham-united/startseite/verein/379/saison_id/2017,51120000,62120000,56885,west ham united,24.5675,59592500,5972500,11000000,13,45.0
109,2016,11,45,-17,47,64,12,9,17,27.0,7650000,2550000,24.2,47270000,3150000,22.33,61650000,5140000,23.5,100130000,7150000,/west-ham-united/startseite/verein/379/saison_id/2016,75150000,36900000,56972,west ham united,24.2575,54175000,4497500,-38250000,13,62.0
110,2015,7,62,14,65,51,16,14,8,23.75,5580000,1400000,21.84,42080000,2210000,23.17,58050000,4840000,24.67,60980000,4070000,/west-ham-united/startseite/verein/379/saison_id/2015,47430000,16660000,34910,west ham united,23.3575,41672500,3130000,-30770000,13,47.0
111,2014,12,47,-3,44,47,12,11,15,29.0,3150000,1050000,22.69,23760000,1830000,25.09,49500000,4500000,25.89,34290000,3810000,/west-ham-united/startseite/verein/379/saison_id/2014,31640000,3960000,34871,west ham united,25.6675,27675000,2797500,-27680000,13,40.0
112,2013,13,40,-11,40,51,11,7,20,27.25,4500000,1130000,25.23,30830000,2370000,24.87,44100000,2940000,22.0,36000000,2770000,/west-ham-united/startseite/verein/379/saison_id/2013,21600000,477000,34197,west ham united,24.8375,28857500,2302500,-21123000,13,46.0
113,2012,10,46,-8,45,53,12,10,16,26.67,1760000,585000,24.18,19580000,1780000,25.27,37130000,3380000,23.43,45900000,3280000,/west-ham-united/startseite/verein/379/saison_id/2012,21510000,4550000,34717,west ham united,24.8875,26092500,2256250,-16960000,13,33.0
114,2010,20,33,-27,43,70,7,12,19,22.0,7790000,1950000,25.69,37400000,2880000,26.89,46350000,5150000,23.57,51530000,3680000,/west-ham-united/startseite/verein/379/saison_id/2010,14240000,4460000,33404,west ham united,24.5375,35767500,3415000,-9780000,13,35.0
115,2009,17,35,-19,47,66,8,11,19,23.0,7340000,2450000,23.82,26510000,2410000,24.0,42930000,4290000,23.73,29700000,2700000,/west-ham-united/startseite/verein/379/saison_id/2009,19490000,37170000,33683,west ham united,23.6375,26620000,2962500,17680000,13,51.0
116,2008,9,51,-3,42,45,14,9,15,25.0,7070000,1410000,23.93,26150000,1870000,25.09,45140000,4100000,23.3,24890000,2490000,/west-ham-united/startseite/verein/379/saison_id/2008,14400000,61950000,33700,west ham united,24.33,25812500,2467500,47550000,13,49.0
117,2007,10,49,-8,42,50,13,10,15,29.67,4910000,1640000,25.18,20610000,1870000,25.43,49370000,3530000,22.88,27770000,3470000,/west-ham-united/startseite/verein/379/saison_id/2007,41940000,36900000,34601,west ham united,25.79,25665000,2627500,-5040000,13,41.0
118,2006,15,41,-24,35,59,12,5,21,28.67,7470000,2490000,24.75,21740000,1810000,24.09,26840000,2440000,24.78,39200000,4360000,/west-ham-united/startseite/verein/379/saison_id/2006,62870000,6080000,34719,west ham united,25.5725,23812500,2775000,-56790000,13,55.0
119,2005,9,55,-3,52,55,16,7,15,27.2,5760000,1150000,24.89,15210000,1690000,22.09,4140000,376000,24.38,16650000,2080000,/west-ham-united/startseite/verein/379/saison_id/2005,19430000,495000,33743,west ham united,24.64,10440000,1324000,-18935000,13,46.0
120,2018,11,50,-7,52,59,14,8,16,29.5,4950000,1240000,29.09,39600000,3600000,25.63,77850000,9730000,25.0,52650000,8780000,/fc-watford/startseite/verein/1010/saison_id/2018,27090000,46660000,20016,watford,27.305,43762500,5837500,19570000,5,41.0
121,2017,14,41,-20,44,64,11,8,19,29.75,7430000,1860000,27.23,35330000,2720000,24.78,55800000,6200000,23.64,52020000,4730000,/fc-watford/startseite/verein/1010/saison_id/2017,64260000,16870000,20231,watford,26.35,37645000,3877500,-47390000,5,40.0
122,2016,17,40,-28,40,68,11,7,20,30.25,6530000,1630000,26.0,36000000,2400000,26.23,68400000,5260000,23.86,59490000,4250000,/fc-watford/startseite/verein/1010/saison_id/2016,62960000,52290000,20571,watford,26.585,42605000,3385000,-10670000,5,45.0
123,2015,13,45,-10,40,50,12,9,17,27.4,7610000,1520000,26.38,24930000,1920000,27.36,34790000,3160000,24.8,31790000,3180000,/fc-watford/startseite/verein/1010/saison_id/2015,75180000,8780000,20594,watford,26.485,24780000,2445000,-66400000,5,28.0
124,2006,20,28,-30,29,59,5,13,20,26.5,1890000,473000,23.13,5240000,350000,22.77,4550000,350000,21.18,5290000,481000,/fc-watford/startseite/verein/1010/saison_id/2006,9450000,12150000,18741,watford,23.395,4242500,413500,2700000,5,41.0
125,2018,12,49,-2,51,53,14,7,17,29.2,9500000,1900000,27.3,77540000,7750000,27.4,55800000,11160000,27.14,108000000,15430000,/crystal-palace/startseite/verein/873/saison_id/2018,10670000,315000,25455,crystal palace,27.76,62710000,9060000,-10355000,6,44.0
126,2017,11,44,-10,45,55,11,11,16,30.25,5900000,1470000,25.38,53800000,4140000,24.58,51120000,4260000,22.42,64170000,5350000,/crystal-palace/startseite/verein/873/saison_id/2017,44060000,2700000,25065,crystal palace,25.6575,43747500,3805000,-41360000,6,41.0
127,2016,14,41,-13,50,63,12,5,21,29.5,12600000,3150000,24.62,47770000,3670000,25.0,57830000,3860000,24.38,75940000,5840000,/crystal-palace/startseite/verein/873/saison_id/2016,91170000,45180000,25161,crystal palace,25.875,48535000,4130000,-45990000,6,42.0
128,2015,15,42,-12,39,51,11,9,18,29.67,4500000,1500000,26.55,21600000,1960000,23.92,44100000,3680000,25.42,38700000,3230000,/crystal-palace/startseite/verein/873/saison_id/2015,25920000,4860000,24825,crystal palace,26.39,27225000,2592500,-21060000,6,48.0
129,2014,10,48,-4,47,51,13,9,16,28.0,3600000,900000,26.55,21600000,1960000,24.15,25650000,1970000,26.71,29520000,2110000,/crystal-palace/startseite/verein/873/saison_id/2014,28150000,2580000,24412,crystal palace,26.3525,20092500,1735000,-25570000,6,45.0
130,2013,11,45,-15,33,48,13,6,19,28.4,4500000,900000,24.73,13280000,885000,23.82,17780000,1620000,27.0,22500000,1610000,/crystal-palace/startseite/verein/873/saison_id/2013,29700000,0,24114,crystal palace,25.9875,14515000,1253750,-29700000,6,44.5
131,2018,13,45,-6,42,48,12,9,17,28.25,10800000,2700000,26.7,63000000,6300000,26.67,77400000,8600000,26.0,54450000,7780000,/newcastle-united/startseite/verein/762/saison_id/2018,53780000,43180000,51121,newcastle united,26.905,51412500,6345000,-10600000,12,44.0
132,2017,10,44,-8,39,47,12,8,18,26.25,5940000,1490000,24.36,41330000,2950000,24.33,44550000,4950000,23.6,58730000,5870000,/newcastle-united/startseite/verein/762/saison_id/2017,39870000,17570000,51992,newcastle united,24.635,37637500,3815000,-22300000,12,37.0
133,2015,18,37,-21,44,65,9,10,19,24.5,11930000,2980000,23.15,27450000,2110000,24.33,65250000,5440000,23.23,75960000,5840000,/newcastle-united/startseite/verein/762/saison_id/2015,97120000,4170000,49754,newcastle united,23.8025,45147500,4092500,-92950000,12,39.0
134,2014,15,39,-23,40,63,10,9,19,23.0,9900000,1980000,23.46,30020000,2310000,23.42,53780000,4480000,21.67,32180000,2680000,/newcastle-united/startseite/verein/762/saison_id/2014,40520000,21250000,50359,newcastle united,22.8875,31470000,2862500,-19270000,12,49.0
135,2013,10,49,-16,43,59,15,4,19,24.0,7880000,2630000,23.46,49230000,3790000,23.77,66960000,5150000,24.38,45900000,5740000,/newcastle-united/startseite/verein/762/saison_id/2013,3420000,23280000,50395,newcastle united,23.9025,42492500,4327500,19860000,12,41.0
136,2012,16,41,-23,45,68,11,8,19,26.5,8330000,2080000,23.36,52830000,3770000,22.77,67050000,5160000,23.88,43200000,5400000,/newcastle-united/startseite/verein/762/saison_id/2012,28770000,13320000,50517,newcastle united,24.1275,42852500,4102500,-15450000,12,65.0
137,2011,5,65,5,56,51,19,8,11,25.4,5720000,1140000,23.09,26100000,2370000,23.38,47410000,3650000,24.63,29250000,3660000,/newcastle-united/startseite/verein/762/saison_id/2011,23450000,14440000,49951,newcastle united,24.125,27120000,2705000,-9010000,12,46.0
138,2010,12,46,-1,56,57,11,13,14,24.5,3110000,776000,24.7,22500000,2250000,22.69,48740000,3750000,23.55,11750000,1070000,/newcastle-united/startseite/verein/762/saison_id/2010,12580000,37580000,47718,newcastle united,23.86,21525000,1961500,25000000,12,34.0
139,2008,18,34,-19,40,59,7,13,18,26.25,9950000,2490000,23.89,26870000,2990000,23.64,48510000,3470000,22.91,44370000,4030000,/newcastle-united/startseite/verein/762/saison_id/2008,31660000,37260000,48750,newcastle united,24.1725,32425000,3245000,5600000,12,43.0
140,2007,12,43,-20,45,65,11,10,17,25.25,9320000,2330000,26.1,25110000,2510000,25.2,45720000,4570000,22.86,42170000,6020000,/newcastle-united/startseite/verein/762/saison_id/2007,34070000,28040000,51321,newcastle united,24.8525,30580000,3857500,-6030000,12,43.0
141,2006,13,43,-9,38,47,11,10,17,27.0,9500000,1900000,24.27,24750000,2250000,24.91,59360000,5400000,22.5,53420000,6680000,/newcastle-united/startseite/verein/762/saison_id/2006,28690000,10060000,50686,newcastle united,24.67,36757500,4057500,-18630000,12,58.0
142,2005,7,58,5,47,42,17,7,14,29.5,8550000,4280000,25.25,23900000,2990000,24.08,63050000,5250000,25.86,50090000,7160000,/newcastle-united/startseite/verein/762/saison_id/2005,55130000,27810000,52032,newcastle united,26.1725,36397500,4920000,-27320000,12,43.5
143,2018,14,45,-14,56,70,13,6,19,28.0,8100000,2030000,26.78,72450000,8050000,25.71,80100000,11440000,25.44,104630000,11630000,/afc-bournemouth/startseite/verein/989/saison_id/2018,80190000,18180000,10532,bournemouth,26.4825,66320000,8287500,-62010000,4,44.0
144,2017,12,44,-16,45,61,11,11,16,28.6,9680000,1940000,24.73,28130000,2560000,23.14,13050000,1860000,24.75,53640000,4470000,/afc-bournemouth/startseite/verein/989/saison_id/2017,30870000,0,10640,bournemouth,25.305,26125000,2707500,-30870000,4,46.0
145,2016,9,46,-12,55,67,12,10,16,25.6,2030000,405000,23.36,20790000,1490000,22.1,30830000,3080000,23.5,39510000,3290000,/afc-bournemouth/startseite/verein/989/saison_id/2016,36620000,22940000,11182,bournemouth,23.64,23290000,2066250,-13680000,4,42.0
146,2015,16,42,-22,45,67,11,9,18,24.8,2070000,414000,24.24,10510000,618000,24.13,5040000,630000,23.68,43610000,2300000,/afc-bournemouth/startseite/verein/989/saison_id/2015,49600000,585000,11189,bournemouth,24.2125,15307500,990500,-49015000,4,44.5
147,2018,15,40,-23,45,68,11,7,20,31.8,17780000,3560000,28.75,50400000,6300000,28.8,40500000,8100000,28.63,63900000,7990000,/fc-burnley/startseite/verein/1132/saison_id/2018,29700000,7200000,20534,burnley,29.495,43145000,6487500,-22500000,5,54.0
148,2017,7,54,-3,36,39,14,12,12,29.75,5400000,1350000,27.29,17100000,2440000,26.44,32270000,3590000,25.6,32400000,3240000,/fc-burnley/startseite/verein/1132/saison_id/2017,32170000,45000000,20688,burnley,27.27,21792500,2655000,12830000,5,40.0
149,2016,16,40,-16,39,55,11,7,20,30.0,3110000,1040000,25.0,17640000,1760000,26.91,27230000,2480000,23.92,25650000,2140000,/fc-burnley/startseite/verein/1132/saison_id/2016,41040000,1080000,20558,burnley,26.4575,18407500,1855000,-39960000,5,33.0
150,2014,19,33,-25,28,53,7,12,19,28.33,1850000,615000,25.73,8460000,769000,26.0,12420000,1380000,23.43,10350000,1480000,/fc-burnley/startseite/verein/1132/saison_id/2014,11360000,0,19131,burnley,25.8725,8270000,1061000,-11360000,5,30.0
151,2009,18,30,-40,42,82,8,6,24,29.67,2520000,840000,26.85,12780000,983000,22.0,5360000,669000,23.56,13950000,1550000,/fc-burnley/startseite/verein/1132/saison_id/2009,12190000,81000,20654,burnley,25.52,8652500,1010500,-12109000,5,40.0
152,2018,16,39,-20,45,65,9,12,17,26.75,20790000,5200000,25.0,72000000,9000000,25.88,63000000,7880000,24.88,63900000,7990000,/fc-southampton/startseite/verein/180/saison_id/2018,56030000,21420000,30139,southampton,25.6275,54922500,7517500,-34610000,7,36.0
153,2017,17,36,-19,37,56,7,15,16,30.67,16430000,5480000,24.3,79880000,7990000,24.17,42750000,7130000,23.9,83700000,8370000,/fc-southampton/startseite/verein/180/saison_id/2017,55130000,88520000,30794,southampton,25.76,55690000,7242500,33390000,7,46.0
154,2016,8,46,-7,41,48,12,10,16,25.33,19580000,3260000,25.42,60080000,5010000,23.14,36450000,5210000,23.27,76730000,6980000,/fc-southampton/startseite/verein/180/saison_id/2016,62010000,76550000,30936,southampton,24.29,48210000,5115000,14540000,7,63.0
155,2015,6,63,18,59,41,18,9,11,30.0,13280000,3320000,23.15,43880000,3380000,23.57,42080000,6010000,23.18,69530000,6320000,/fc-southampton/startseite/verein/180/saison_id/2015,54090000,47430000,30751,southampton,24.975,42192500,4757500,-6660000,7,60.0
156,2014,7,60,21,54,33,18,6,14,29.75,7430000,1860000,23.45,33440000,3040000,21.73,47250000,4300000,23.18,47250000,4300000,/fc-southampton/startseite/verein/180/saison_id/2014,86440000,111450000,30652,southampton,24.5275,33842500,3375000,25010000,7,56.0
157,2013,8,56,8,54,46,15,11,12,27.5,4730000,1180000,21.75,24980000,2080000,23.44,31950000,3550000,23.0,30600000,3060000,/fc-southampton/startseite/verein/180/saison_id/2013,35640000,3780000,30212,southampton,23.9225,23065000,2467500,-31860000,7,41.0
158,2012,14,41,-11,49,60,9,14,15,28.0,3870000,968000,24.0,12350000,1030000,22.86,26280000,1880000,23.2,19580000,1960000,/fc-southampton/startseite/verein/180/saison_id/2012,37350000,0,30855,southampton,24.515,15520000,1459500,-37350000,7,46.0
159,2018,17,36,-25,35,60,9,9,20,27.0,11930000,2980000,29.0,43880000,5480000,26.86,50130000,7160000,28.0,50850000,7260000,/brighton-amp-hove-albion/startseite/verein/1237/saison_id/2018,79520000,12060000,30426,brighton hove albion,27.715,39197500,5720000,-67460000,2,40.0
160,2017,15,40,-20,34,54,9,13,16,26.75,7200000,1800000,28.1,20700000,2070000,23.79,22950000,1640000,25.64,45230000,4110000,/brighton-amp-hove-albion/startseite/verein/1237/saison_id/2017,58050000,0,30402,brighton hove albion,26.07,24020000,2405000,-58050000,2,38.0
161,2018,18,34,-35,34,69,10,4,24,31.33,10580000,3530000,30.0,16200000,2030000,26.13,31500000,3940000,26.55,34880000,3170000,/cardiff-city/startseite/verein/603/saison_id/2018,46080000,0,31408,cardiff city,28.5025,23290000,3167500,-46080000,2,30.0
162,2013,20,30,-42,32,74,7,9,22,25.33,1710000,570000,23.38,23360000,1800000,24.67,18090000,2010000,24.71,40230000,2370000,/cardiff-city/startseite/verein/603/saison_id/2013,41230000,3370000,27430,cardiff city,24.5225,20847500,1687500,-37860000,2,32.0
163,2018,19,26,-47,34,81,7,5,26,27.67,18000000,6000000,27.43,32850000,4690000,25.7,104400000,10440000,27.33,49950000,8330000,/fc-fulham/startseite/verein/931/saison_id/2018,104850000,4050000,24371,fulham,27.0325,51300000,7365000,-100800000,10,32.0
164,2013,19,32,-45,40,85,9,5,24,24.2,8550000,1710000,27.36,29250000,2660000,25.16,55440000,2920000,22.69,40280000,3100000,/fc-fulham/startseite/verein/931/saison_id/2013,26550000,3740000,24977,fulham,24.8525,33380000,2597500,-22810000,10,43.0
165,2012,12,43,-10,50,60,11,10,17,28.5,5180000,1290000,26.82,28260000,2570000,26.73,44280000,2950000,24.0,26330000,3760000,/fc-fulham/startseite/verein/931/saison_id/2012,9000000,28280000,25423,fulham,26.5125,26012500,2642500,19280000,10,52.0
166,2011,9,52,-3,48,51,14,10,14,27.5,4820000,1200000,27.38,29610000,3700000,26.19,46620000,2910000,24.0,25650000,3210000,/fc-fulham/startseite/verein/931/saison_id/2011,16520000,6900000,25399,fulham,26.2675,26675000,2755000,-9620000,10,49.0
167,2010,8,49,6,49,43,11,16,11,30.0,4590000,1150000,26.6,30240000,3020000,28.45,39870000,3620000,26.22,26060000,2900000,/fc-fulham/startseite/verein/931/saison_id/2010,9950000,11350000,25151,fulham,27.8175,25190000,2672500,1400000,10,46.0
168,2009,12,46,-7,39,46,12,10,16,32.33,4100000,1370000,24.83,24080000,2010000,24.56,27770000,1740000,25.0,27590000,2510000,/fc-fulham/startseite/verein/931/saison_id/2009,6390000,0,23909,fulham,26.68,20885000,1907500,-6390000,10,53.0
169,2008,7,53,5,39,34,14,11,13,31.33,3830000,1280000,23.67,15930000,1330000,24.85,23400000,1800000,25.8,32310000,3230000,/fc-fulham/startseite/verein/931/saison_id/2008,24170000,14690000,24344,fulham,26.4125,18867500,1910000,-9480000,10,36.0
170,2007,17,36,-22,38,60,8,12,18,31.25,8100000,2030000,25.87,23850000,1590000,26.62,29770000,2290000,26.27,18940000,1720000,/fc-fulham/startseite/verein/931/saison_id/2007,44490000,17550000,23774,fulham,27.5025,20165000,1907500,-26940000,10,39.0
171,2006,16,39,-22,38,60,8,15,15,29.0,8100000,1620000,24.18,16650000,1510000,26.92,30490000,2350000,26.5,18900000,2360000,/fc-fulham/startseite/verein/931/saison_id/2006,12420000,9460000,22287,fulham,26.65,18535000,1960000,-2960000,10,48.0
172,2005,12,48,-10,48,58,14,6,18,28.6,6800000,1360000,24.75,21920000,1830000,27.6,29300000,2930000,27.5,5810000,1450000,/fc-fulham/startseite/verein/931/saison_id/2005,5900000,4160000,20654,fulham,27.1125,15957500,1892500,-1740000,10,44.5
173,2018,20,16,-54,22,76,3,7,28,25.75,5490000,1370000,26.75,38250000,4780000,26.33,39470000,4390000,25.0,34650000,4950000,/huddersfield-town/startseite/verein/1110/saison_id/2018,45630000,11100000,23340,huddersfield town,25.9575,29465000,3872500,-34530000,2,37.0
174,2017,16,37,-30,28,58,9,10,19,25.75,2030000,506000,24.42,21600000,1800000,24.2,13640000,1360000,24.89,20700000,2300000,/huddersfield-town/startseite/verein/1110/saison_id/2017,51080000,5270000,24042,huddersfield town,24.815,14492500,1491500,-45810000,2,26.5
175,2017,18,33,-28,28,56,8,9,21,29.33,11700000,3900000,25.78,28580000,3180000,24.69,57370000,4410000,24.45,56570000,5140000,/swansea-city/startseite/verein/2288/saison_id/2017,66050000,72990000,20622,swansea city,26.0625,38555000,4157500,6940000,7,41.0
176,2016,15,41,-25,45,70,12,5,21,30.0,9230000,2310000,25.33,32220000,2690000,25.63,37980000,4750000,25.23,43970000,3380000,/swansea-city/startseite/verein/2288/saison_id/2016,52380000,43740000,20619,swansea city,26.5475,30850000,3282500,-8640000,7,47.0
177,2015,12,47,-10,42,52,12,11,15,27.75,6750000,1690000,24.0,32850000,2530000,24.63,41580000,5200000,24.91,43200000,3930000,/swansea-city/startseite/verein/2288/saison_id/2015,19630000,15120000,20711,swansea city,25.3225,31095000,3337500,-4510000,7,56.0
178,2014,8,56,-3,46,49,16,8,14,29.0,2790000,930000,24.62,27410000,2110000,22.4,27680000,2770000,24.2,39060000,3910000,/swansea-city/startseite/verein/2288/saison_id/2014,37380000,55700000,20555,swansea city,25.055,24235000,2430000,18320000,7,42.0
179,2013,12,42,0,54,54,11,9,18,25.5,8390000,2100000,25.42,22730000,1890000,22.67,26620000,2960000,25.18,49050000,4460000,/swansea-city/startseite/verein/2288/saison_id/2013,24040000,0,20407,swansea city,24.6925,26697500,2852500,-24040000,7,46.0
180,2012,9,46,-4,47,51,11,13,14,27.33,8330000,2780000,24.42,16880000,1410000,25.67,13050000,2180000,25.33,41400000,3450000,/swansea-city/startseite/verein/2288/saison_id/2012,18420000,29340000,20476,swansea city,25.6875,19915000,2455000,10920000,7,47.0
181,2011,11,47,-7,44,51,12,11,15,29.33,6930000,2310000,23.85,6120000,471000,24.1,14270000,1430000,24.13,9230000,1150000,/swansea-city/startseite/verein/2288/saison_id/2011,11570000,410000,19946,swansea city,25.3525,9137500,1340250,-11160000,7,46.0
182,2017,19,33,-33,35,68,7,12,19,27.67,15080000,5030000,23.85,59900000,4610000,28.25,29250000,3660000,24.0,55800000,5070000,/stoke-city/startseite/verein/512/saison_id/2017,51930000,31630000,29280,stoke city,25.9425,40007500,4592500,-20300000,10,44.0
183,2016,13,44,-15,41,56,11,11,16,28.2,9680000,1940000,24.8,40950000,4100000,28.57,38700000,5530000,24.92,84600000,7050000,/stoke-city/startseite/verein/512/saison_id/2016,34690000,3420000,27433,stoke city,26.6225,43482500,4655000,-31270000,10,51.0
184,2015,9,51,-14,41,55,14,9,15,26.0,4280000,1070000,26.38,30150000,3770000,26.56,33300000,3700000,26.2,46800000,4680000,/stoke-city/startseite/verein/512/saison_id/2015,48290000,20880000,27534,stoke city,26.285,28632500,3305000,-27410000,10,54.0
185,2014,9,54,3,48,45,15,9,14,28.67,14400000,4800000,25.78,35420000,3940000,26.33,23850000,2650000,26.33,42300000,4700000,/stoke-city/startseite/verein/512/saison_id/2014,1620000,3420000,27081,stoke city,26.7775,28992500,4022500,1800000,10,50.0
186,2013,9,50,-7,45,52,13,11,14,25.25,9900000,2480000,25.0,31500000,4500000,24.91,31500000,2860000,26.55,45000000,4090000,/stoke-city/startseite/verein/512/saison_id/2013,6300000,0,26137,stoke city,25.4275,29475000,3482500,-6300000,10,42.0
187,2012,13,42,-11,34,45,9,15,14,29.5,5180000,1290000,26.33,25430000,4240000,26.08,33390000,2780000,28.75,25200000,3150000,/stoke-city/startseite/verein/512/saison_id/2012,21310000,576000,26722,stoke city,27.665,22300000,2865000,-20734000,10,45.0
188,2011,14,45,-17,36,53,11,12,15,32.0,6080000,2030000,27.18,36720000,3340000,26.18,30150000,2740000,28.14,34200000,4890000,/stoke-city/startseite/verein/512/saison_id/2011,22320000,1790000,27226,stoke city,28.375,26787500,3250000,-20530000,10,46.0
189,2010,13,46,-2,46,48,13,7,18,31.0,5180000,1730000,25.92,25520000,2130000,25.8,17150000,1710000,28.38,38930000,4870000,/stoke-city/startseite/verein/512/saison_id/2010,18990000,6100000,26858,stoke city,27.775,21695000,2610000,-12890000,10,47.0
190,2009,11,47,-14,34,48,11,14,13,24.0,3780000,756000,25.92,24030000,1850000,23.62,18810000,1450000,27.57,22500000,3210000,/stoke-city/startseite/verein/512/saison_id/2009,23450000,5850000,27162,stoke city,25.2775,17280000,1816500,-17600000,10,45.0
191,2008,12,45,-17,38,55,12,9,17,30.5,4050000,2030000,24.94,17550000,1100000,25.27,13410000,1220000,27.11,18590000,2070000,/stoke-city/startseite/verein/512/saison_id/2008,30560000,689000,26994,stoke city,26.955,13400000,1605000,-29871000,10,45.5
192,2017,20,31,-25,31,56,6,13,19,29.33,4950000,1650000,24.73,27090000,2460000,27.25,42080000,5260000,23.82,74840000,6800000,/west-bromwich-albion/startseite/verein/984/saison_id/2017,48150000,1850000,24520,west bromwich albion,26.2825,37240000,4042500,-46300000,10,45.0
193,2016,10,45,-8,43,51,12,9,17,26.5,5490000,1370000,27.0,22050000,2450000,26.25,20250000,2530000,25.44,55800000,6200000,/west-bromwich-albion/startseite/verein/984/saison_id/2016,34110000,24280000,23876,west bromwich albion,26.2975,25897500,3137500,-9830000,10,43.0
194,2015,14,43,-14,34,48,10,13,15,26.6,5850000,1170000,27.44,20700000,2300000,25.09,29700000,2700000,23.3,49050000,4910000,/west-bromwich-albion/startseite/verein/984/saison_id/2015,38610000,11630000,24631,west bromwich albion,25.6075,26325000,2770000,-26980000,10,44.0
195,2014,13,44,-13,38,51,11,11,16,24.8,5630000,1130000,26.0,18140000,2020000,27.45,41130000,3740000,23.11,25650000,2850000,/west-bromwich-albion/startseite/verein/984/saison_id/2014,22390000,2070000,25064,west bromwich albion,25.34,22637500,2435000,-20320000,10,36.0
196,2013,17,36,-16,43,59,7,15,16,28.25,7650000,1910000,27.1,16380000,1640000,26.0,32850000,3650000,24.8,27000000,2700000,/west-bromwich-albion/startseite/verein/984/saison_id/2013,14130000,10260000,25194,west bromwich albion,26.5375,20970000,2475000,-3870000,10,49.0
197,2012,8,49,-4,53,57,14,7,17,27.33,6530000,2180000,25.91,17820000,1620000,24.88,19350000,2420000,23.5,31050000,3110000,/west-bromwich-albion/startseite/verein/984/saison_id/2012,4500000,3350000,25202,west bromwich albion,25.405,18687500,2332500,-1150000,10,47.0
198,2011,10,47,-7,45,52,13,8,17,26.33,6640000,2210000,25.71,26780000,1910000,24.5,23400000,2340000,24.0,16430000,1830000,/west-bromwich-albion/startseite/verein/984/saison_id/2011,8170000,10010000,24770,west bromwich albion,25.135,18312500,2072500,1840000,10,47.0
199,2010,11,47,-15,56,71,12,11,15,28.0,7180000,1790000,24.8,30920000,2060000,22.43,13500000,1930000,23.27,24930000,2270000,/west-bromwich-albion/startseite/verein/984/saison_id/2010,12450000,765000,24683,west bromwich albion,24.625,19132500,2012500,-11685000,10,32.0
200,2008,20,32,-31,36,67,8,8,22,25.0,5810000,1940000,25.27,19400000,1760000,22.9,18410000,1840000,23.0,15710000,1430000,/west-bromwich-albion/startseite/verein/984/saison_id/2008,21890000,9230000,25828,west bromwich albion,24.0425,14832500,1742500,-12660000,10,30.0
201,2005,19,30,-27,31,58,7,9,22,26.33,5450000,1820000,24.89,8690000,965000,24.83,20570000,1710000,26.14,14850000,2120000,/west-bromwich-albion/startseite/verein/984/saison_id/2005,13770000,8170000,25404,west bromwich albion,25.5475,12390000,1653750,-5600000,10,43.5
202,2016,18,34,-43,37,80,9,7,22,29.0,4820000,963000,24.46,34740000,2670000,24.54,30150000,2320000,24.45,49950000,4540000,/hull-city/startseite/verein/3008/saison_id/2016,36000000,26010000,20656,hull city,25.6125,29915000,2623250,-9990000,5,35.0
203,2014,18,35,-18,33,51,8,11,19,28.4,2610000,522000,26.0,25070000,2090000,25.67,40050000,4450000,25.22,42300000,4700000,/hull-city/startseite/verein/3008/saison_id/2014,43410000,16830000,23557,hull city,26.3225,27507500,2940500,-26580000,5,37.0
204,2013,16,37,-15,38,53,10,7,21,30.0,4640000,1160000,26.7,14400000,1440000,25.13,15300000,1910000,25.25,28580000,2380000,/hull-city/startseite/verein/3008/saison_id/2013,27990000,792000,24117,hull city,26.77,15730000,1722500,-27198000,5,30.0
205,2009,19,30,-41,34,75,6,12,20,30.67,3780000,1260000,24.78,16160000,1800000,26.53,26370000,1760000,24.7,21780000,2180000,/hull-city/startseite/verein/3008/saison_id/2009,13370000,14580000,24390,hull city,26.67,17022500,1750000,1210000,5,35.0
206,2008,17,35,-25,39,64,8,11,19,29.67,1310000,435000,24.1,10190000,1020000,27.0,19690000,1510000,28.78,13700000,1520000,/hull-city/startseite/verein/3008/saison_id/2008,16150000,0,24816,hull city,27.3875,11222500,1121250,-16150000,5,35.0
207,2016,19,28,-26,27,53,5,13,20,30.4,6530000,1310000,24.82,27680000,2520000,26.22,24080000,2680000,25.9,51300000,5130000,/fc-middlesbrough/startseite/verein/641/saison_id/2016,43160000,12150000,30449,middlesbrough,26.835,27397500,2910000,-31010000,5,32.0
208,2008,19,32,-29,28,57,7,11,20,22.0,990000,330000,21.54,17010000,1310000,22.71,19800000,2830000,23.0,34110000,3410000,/fc-middlesbrough/startseite/verein/641/saison_id/2008,11520000,7850000,28429,middlesbrough,22.3125,17977500,1970000,-3670000,5,42.0
209,2007,13,42,-10,43,53,10,12,16,27.0,4060000,1350000,22.25,29260000,2440000,24.78,27270000,3030000,22.8,38570000,3860000,/fc-middlesbrough/startseite/verein/641/saison_id/2007,45540000,27200000,26708,middlesbrough,24.2075,24790000,2670000,-18340000,5,46.0
210,2006,12,46,-5,44,49,12,10,16,24.25,3780000,945000,22.64,25470000,1820000,23.38,27590000,3450000,24.33,28980000,3220000,/fc-middlesbrough/startseite/verein/641/saison_id/2006,10170000,4210000,27730,middlesbrough,23.65,21455000,2358750,-5960000,5,45.0
211,2005,14,45,-10,48,58,12,9,17,23.25,4100000,1020000,24.73,25490000,1700000,23.8,30200000,3020000,24.3,38880000,3890000,/fc-middlesbrough/startseite/verein/641/saison_id/2005,12560000,0,28463,middlesbrough,24.02,24667500,2407500,-12560000,5,42.0
212,2016,20,24,-40,29,69,6,6,26,23.5,4500000,1130000,25.07,31950000,2130000,23.82,31050000,2820000,24.17,33750000,2810000,/afc-sunderland/startseite/verein/289/saison_id/2016,37710000,21390000,41287,sunderland,24.14,25312500,2222500,-16320000,11,39.0
213,2015,17,39,-14,48,62,9,12,17,26.8,7650000,1530000,25.67,18450000,1540000,25.36,40950000,3720000,24.93,48380000,3460000,/afc-sunderland/startseite/verein/289/saison_id/2015,59450000,9450000,43071,sunderland,25.69,28857500,2562500,-50000000,11,38.0
214,2014,16,38,-22,31,53,7,17,14,22.5,5180000,1290000,27.11,13910000,1550000,24.36,48150000,4380000,24.0,36500000,3650000,/afc-sunderland/startseite/verein/289/saison_id/2014,20350000,6530000,43171,sunderland,24.4925,25935000,2717500,-13820000,11,38.0
215,2013,14,38,-19,41,60,10,8,20,23.4,3150000,630000,26.6,20430000,2040000,25.21,55400000,3960000,22.3,57150000,5720000,/afc-sunderland/startseite/verein/289/saison_id/2013,30520000,20140000,41090,sunderland,24.3775,34032500,3087500,-10380000,11,39.0
216,2012,17,39,-13,41,54,9,12,17,25.5,6300000,3150000,25.21,33750000,2410000,24.33,41180000,4580000,22.92,35330000,2940000,/afc-sunderland/startseite/verein/289/saison_id/2012,34470000,13340000,40563,sunderland,24.49,29140000,3270000,-21130000,11,45.0
217,2011,13,45,-1,45,46,11,12,15,25.0,10580000,2640000,26.67,49950000,3330000,23.88,25880000,3230000,21.22,26150000,2910000,/afc-sunderland/startseite/verein/289/saison_id/2011,25430000,23690000,39047,sunderland,24.1925,28140000,3027500,-1740000,11,47.0
218,2010,10,47,-11,45,56,12,11,15,23.67,7430000,2480000,24.88,44350000,2770000,23.09,46040000,4190000,22.33,25790000,2870000,/afc-sunderland/startseite/verein/289/saison_id/2010,26190000,37600000,40011,sunderland,23.4925,30902500,3077500,11410000,11,44.0
219,2009,13,44,-8,48,56,11,11,16,24.33,7380000,2460000,25.56,57200000,3570000,22.2,19040000,1900000,25.33,34920000,3880000,/afc-sunderland/startseite/verein/289/saison_id/2009,41490000,19150000,40355,sunderland,24.355,29635000,2952500,-22340000,11,36.0
220,2008,16,36,-20,34,54,9,9,20,29.5,8300000,2080000,24.38,41400000,2590000,22.25,20210000,1680000,25.33,39110000,3260000,/afc-sunderland/startseite/verein/289/saison_id/2008,29800000,10040000,40168,sunderland,25.365,27255000,2402500,-19760000,11,39.0
221,2007,15,39,-23,36,59,11,6,21,25.0,2660000,664000,23.88,19280000,1130000,22.73,10080000,916000,25.0,14940000,1150000,/afc-sunderland/startseite/verein/289/saison_id/2007,57890000,2880000,43344,sunderland,24.1525,11740000,965000,-55010000,11,15.0
222,2005,20,15,-43,26,69,3,6,29,23.0,990000,330000,24.64,16110000,1460000,23.44,10400000,1160000,22.29,5220000,746000,/afc-sunderland/startseite/verein/289/saison_id/2005,5330000,1280000,33904,sunderland,23.3425,8180000,924000,-4050000,11,39.0
223,2015,19,34,-28,39,67,9,7,22,24.25,5040000,1260000,26.4,25790000,2580000,26.0,25560000,1830000,24.92,36990000,2850000,/norwich-city/startseite/verein/1123/saison_id/2015,42800000,19340000,26972,norwich city,25.3925,23345000,2130000,-23460000,4,33.0
224,2013,18,33,-34,28,62,8,9,21,31.0,6080000,2030000,25.5,23400000,2340000,26.33,25650000,2850000,23.4,31950000,3200000,/norwich-city/startseite/verein/1123/saison_id/2013,27050000,4350000,26805,norwich city,26.5575,21770000,2605000,-22700000,4,44.0
225,2012,11,44,-17,41,58,10,14,14,23.8,6530000,1310000,26.11,21960000,2440000,24.82,18450000,1680000,24.36,16880000,1530000,/norwich-city/startseite/verein/1123/saison_id/2012,9970000,342000,26672,norwich city,24.7725,15955000,1740000,-9628000,4,47.0
226,2011,12,47,-14,52,66,12,11,15,20.67,810000,270000,24.5,9250000,925000,24.89,5830000,648000,25.57,4370000,624000,/norwich-city/startseite/verein/1123/saison_id/2011,13730000,450000,26606,norwich city,23.9075,5065000,616750,-13280000,4,39.0
227,2015,20,17,-49,27,76,3,8,27,25.0,6080000,1220000,24.19,37170000,2320000,24.0,32400000,3240000,21.69,25430000,1960000,/aston-villa/startseite/verein/405/saison_id/2015,59810000,58230000,33690,aston villa,23.72,25270000,2185000,-1580000,11,38.0
228,2014,17,38,-26,31,57,10,8,20,29.33,6300000,2100000,24.54,30150000,2320000,24.45,34880000,3170000,22.64,42980000,3910000,/aston-villa/startseite/verein/405/saison_id/2014,12110000,1180000,34133,aston villa,25.24,28577500,2875000,-10930000,11,38.0
229,2013,15,38,-22,39,61,10,8,20,28.33,4950000,1650000,23.5,31280000,2610000,22.2,18680000,1870000,24.09,49770000,4520000,/aston-villa/startseite/verein/405/saison_id/2013,17860000,7290000,36081,aston villa,24.53,26170000,2662500,-10570000,11,41.0
230,2012,15,41,-22,47,69,10,11,17,33.33,4730000,1580000,23.33,15260000,1700000,22.5,27500000,2290000,22.56,43450000,4830000,/aston-villa/startseite/verein/405/saison_id/2012,25050000,2880000,35060,aston villa,25.43,22735000,2600000,-22170000,11,38.0
231,2011,16,38,-16,37,53,7,17,14,32.33,6080000,2030000,25.31,45950000,3530000,22.15,39870000,3070000,24.38,49950000,6240000,/aston-villa/startseite/verein/405/saison_id/2011,18300000,39370000,33883,aston villa,26.0425,35462500,3717500,21070000,11,48.0
232,2010,9,48,-11,48,59,12,12,14,33.0,4730000,1580000,24.92,62930000,4840000,24.0,75670000,4450000,24.67,43650000,7280000,/aston-villa/startseite/verein/405/saison_id/2010,33660000,25560000,37194,aston villa,26.6475,46745000,4537500,-8100000,11,64.0
233,2009,6,64,13,52,39,17,13,8,32.0,4950000,1650000,26.08,65250000,5440000,23.0,43610000,3960000,25.8,30560000,6110000,/aston-villa/startseite/verein/405/saison_id/2009,42210000,19890000,38573,aston villa,26.72,36092500,4290000,-22320000,11,62.0
234,2008,6,62,6,54,48,17,11,10,29.0,4410000,1470000,24.17,42480000,3540000,22.45,38480000,3500000,24.5,26190000,4370000,/aston-villa/startseite/verein/405/saison_id/2008,50310000,6770000,39812,aston villa,25.03,27890000,3220000,-43540000,11,60.0
235,2007,6,60,20,71,51,16,12,10,26.0,7920000,2640000,24.63,27990000,3500000,24.5,24030000,3000000,22.17,17280000,2880000,/aston-villa/startseite/verein/405/saison_id/2007,22410000,16110000,40396,aston villa,24.325,19305000,3005000,-6300000,11,50.0
236,2006,11,50,2,43,41,11,17,10,26.0,9000000,2250000,24.67,22520000,2500000,24.77,30830000,2370000,25.38,28710000,3590000,/aston-villa/startseite/verein/405/saison_id/2006,22230000,1640000,36214,aston villa,25.205,22765000,2677500,-20590000,11,42.0
237,2005,16,42,-13,42,55,10,12,16,23.67,6840000,2280000,25.63,24860000,3110000,24.33,34880000,2910000,22.43,28670000,4100000,/aston-villa/startseite/verein/405/saison_id/2005,14890000,5760000,34112,aston villa,24.015,23812500,3100000,-9130000,11,42.0
238,2014,20,30,-31,42,73,8,6,24,29.67,3600000,1200000,25.21,25830000,1850000,23.79,39200000,2800000,25.2,34920000,3490000,/queens-park-rangers/startseite/verein/1039/saison_id/2014,39180000,23440000,17809,queens park rangers,25.9675,25887500,2335000,-15740000,3,25.0
239,2012,20,25,-30,30,60,4,13,21,32.75,17100000,4280000,26.31,35640000,2740000,27.2,44100000,4410000,27.91,47250000,4300000,/queens-park-rangers/startseite/verein/1039/saison_id/2012,45320000,4060000,17779,queens park rangers,28.5425,36022500,3932500,-41260000,3,37.0
240,2011,17,37,-23,43,66,10,7,21,29.5,2750000,686000,26.6,31010000,2070000,26.5,18920000,1580000,26.18,42840000,2520000,/queens-park-rangers/startseite/verein/1039/saison_id/2011,23600000,2520000,17295,queens park rangers,27.195,23880000,1714000,-21080000,3,30.0
241,2012,18,36,-26,47,73,9,9,20,27.75,6750000,1690000,25.79,28350000,2030000,24.33,17640000,1960000,22.6,20610000,2060000,/wigan-athletic/startseite/verein/1071/saison_id/2012,9480000,11930000,19359,wigan athletic,25.1175,18337500,1935000,2450000,8,43.0
242,2011,15,43,-20,42,62,11,10,17,29.0,5670000,1420000,26.4,22500000,2250000,24.22,19350000,2150000,22.71,15480000,2210000,/wigan-athletic/startseite/verein/1071/saison_id/2011,11140000,10160000,18634,wigan athletic,25.5825,15750000,2007500,-980000,8,42.0
243,2010,16,42,-21,40,61,9,15,14,28.0,5850000,1460000,24.42,20030000,1670000,22.4,13950000,1400000,23.56,25070000,2790000,/wigan-athletic/startseite/verein/1071/saison_id/2010,10260000,3060000,16807,wigan athletic,24.595,16225000,1830000,-7200000,8,36.0
244,2009,16,36,-42,37,79,9,9,20,27.4,6480000,1300000,27.2,23810000,2380000,24.25,15030000,1250000,23.11,21200000,2360000,/wigan-athletic/startseite/verein/1071/saison_id/2009,16590000,23380000,18006,wigan athletic,25.49,16630000,1822500,6790000,8,45.0
245,2008,11,45,-11,34,45,12,9,17,31.75,4860000,1220000,26.5,17780000,2220000,23.8,21200000,1410000,24.5,27360000,3420000,/wigan-athletic/startseite/verein/1071/saison_id/2008,21690000,21780000,18350,wigan athletic,26.6375,17800000,2067500,90000,8,40.0
246,2007,14,40,-17,34,51,10,10,18,28.0,3690000,923000,25.08,24860000,2070000,25.5,18500000,1540000,26.14,21380000,3050000,/wigan-athletic/startseite/verein/1071/saison_id/2007,16110000,16040000,19046,wigan athletic,26.18,17107500,1895750,-70000,8,38.0
247,2006,17,38,-22,37,59,10,8,20,31.75,4230000,1060000,26.5,22740000,1620000,24.0,16090000,1460000,25.63,16830000,2100000,/wigan-athletic/startseite/verein/1071/saison_id/2006,23090000,21890000,18159,wigan athletic,26.97,14972500,1560000,-1200000,8,51.0
248,2005,10,51,-7,45,52,15,6,17,35.0,675000,225000,27.0,11610000,1060000,26.0,11480000,1280000,26.2,8820000,1760000,/wigan-athletic/startseite/verein/1071/saison_id/2005,14190000,5060000,20608,wigan athletic,28.55,8146250,1081250,-9130000,8,41.0
249,2012,19,28,-30,43,73,6,10,22,24.2,2250000,450000,25.0,18500000,1540000,26.83,6750000,1130000,25.33,12380000,1030000,/fc-reading/startseite/verein/1032/saison_id/2012,9740000,810000,23862,reading,25.34,9970000,1037500,-8930000,3,36.0
250,2007,18,36,-25,41,66,10,6,22,23.8,1530000,306000,24.59,10960000,645000,24.3,10400000,1040000,22.55,12470000,1130000,/fc-reading/startseite/verein/1032/saison_id/2007,10890000,5130000,23574,reading,23.81,8840000,780250,-5760000,3,55.0
251,2006,8,55,5,52,47,16,7,15,24.0,1040000,259000,24.13,7310000,488000,23.89,5670000,630000,21.89,7340000,815000,/fc-reading/startseite/verein/1032/saison_id/2006,8300000,0,23829,reading,23.4775,5340000,548000,-8300000,3,36.0
252,2011,18,36,-31,46,77,10,6,22,24.5,4050000,1010000,25.0,30870000,2210000,23.78,26730000,2970000,26.0,26690000,2430000,/bolton-wanderers/startseite/verein/355/saison_id/2011,14040000,14700000,23670,bolton wanderers,24.82,22085000,2155000,660000,7,46.0
253,2010,14,46,-4,52,56,12,10,16,26.25,5220000,1310000,26.9,28350000,2840000,24.22,24530000,2730000,24.73,25970000,2360000,/bolton-wanderers/startseite/verein/355/saison_id/2010,4860000,1260000,22807,bolton wanderers,25.525,21017500,2310000,-3600000,7,39.0
254,2009,14,39,-25,42,67,10,9,19,27.33,5360000,1790000,26.55,28170000,2560000,24.2,26620000,2660000,24.25,16650000,2080000,/bolton-wanderers/startseite/verein/355/saison_id/2009,10800000,1800000,22200,bolton wanderers,25.5825,19200000,2272500,-9000000,7,41.0
255,2008,13,41,-12,41,53,11,8,19,28.75,6030000,1510000,24.0,26510000,2410000,23.78,21290000,2370000,25.33,28710000,3190000,/bolton-wanderers/startseite/verein/355/saison_id/2008,21330000,9790000,22486,bolton wanderers,25.465,20635000,2370000,-11540000,7,37.0
256,2007,16,37,-18,36,54,9,10,19,27.75,6280000,1570000,23.83,19440000,1620000,24.64,23360000,1670000,25.73,33750000,3070000,/bolton-wanderers/startseite/verein/355/saison_id/2007,20120000,19770000,20901,bolton wanderers,25.4875,20707500,1982500,-350000,7,56.0
257,2006,7,56,-5,47,52,16,8,14,24.33,6770000,1130000,22.08,13610000,1050000,28.86,13730000,1960000,25.13,21830000,2730000,/bolton-wanderers/startseite/verein/355/saison_id/2006,15300000,3470000,23606,bolton wanderers,25.1,13985000,1717500,-11830000,7,56.0
258,2005,8,56,8,49,41,15,11,12,24.6,7650000,1530000,25.11,8640000,960000,25.71,26780000,3830000,27.0,22100000,2460000,/bolton-wanderers/startseite/verein/355/saison_id/2005,5580000,0,25265,bolton wanderers,25.605,16292500,2195000,-5580000,7,41.0
259,2011,19,31,-30,48,78,8,7,23,24.5,5000000,1250000,25.58,22550000,1880000,23.69,26460000,2040000,23.88,27630000,3450000,/blackburn-rovers/startseite/verein/164/saison_id/2011,18500000,36220000,22551,blackburn rovers,24.4125,20410000,2155000,17720000,7,43.0
260,2010,15,43,-13,46,59,11,10,17,26.25,5450000,1360000,26.7,20970000,2100000,23.19,32630000,2040000,26.29,26550000,3790000,/blackburn-rovers/startseite/verein/164/saison_id/2010,4550000,248000,25000,blackburn rovers,25.6075,21400000,2322500,-4302000,7,50.0
261,2009,10,50,-14,41,55,13,11,14,25.25,5090000,1270000,25.38,27450000,2110000,25.36,26150000,2380000,25.0,22590000,3230000,/blackburn-rovers/startseite/verein/164/saison_id/2009,11950000,32990000,25428,blackburn rovers,25.2475,20320000,2247500,21040000,7,41.0
262,2008,15,41,-20,40,60,10,11,17,25.67,5040000,1680000,24.75,28130000,2340000,24.64,24710000,1760000,26.57,27680000,3950000,/blackburn-rovers/startseite/verein/164/saison_id/2008,10510000,23850000,23479,blackburn rovers,25.4075,21390000,2432500,13340000,7,58.0
263,2007,7,58,2,50,48,15,13,10,26.0,4770000,954000,24.62,17510000,1350000,24.31,27360000,2100000,23.43,12650000,1810000,/blackburn-rovers/startseite/verein/164/saison_id/2007,5580000,3580000,23944,blackburn rovers,24.59,15572500,1553500,-2000000,7,52.0
264,2006,10,52,-2,52,54,15,7,16,29.33,3240000,1080000,26.14,23360000,1670000,25.5,21740000,2720000,26.5,18360000,3060000,/blackburn-rovers/startseite/verein/164/saison_id/2006,14870000,15220000,21275,blackburn rovers,26.8675,16675000,2132500,350000,7,63.0
265,2005,6,63,9,51,42,19,6,13,31.0,2930000,1460000,27.7,24530000,2450000,25.56,22910000,2550000,25.33,13280000,2210000,/blackburn-rovers/startseite/verein/164/saison_id/2005,8460000,2430000,21015,blackburn rovers,27.3975,15912500,2167500,-6030000,7,50.0
266,2010,18,39,-21,37,58,8,15,15,30.0,3650000,1220000,26.0,22730000,2270000,24.73,35010000,3180000,25.6,31230000,3120000,/birmingham-city/startseite/verein/337/saison_id/2010,23040000,158000,25462,birmingham city,26.5825,23155000,2447500,-22882000,4,50.0
267,2009,9,50,-9,38,47,13,11,14,25.5,7740000,1940000,26.36,11570000,1050000,25.5,19620000,1640000,24.56,18230000,2030000,/birmingham-city/startseite/verein/337/saison_id/2009,18050000,360000,25246,birmingham city,25.48,14290000,1665000,-17690000,4,35.0
268,2007,19,35,-16,46,62,8,11,19,26.5,2930000,731000,23.91,21380000,1940000,23.22,17420000,1940000,22.56,24170000,2690000,/birmingham-city/startseite/verein/337/saison_id/2007,26370000,7630000,26181,birmingham city,24.0475,16475000,1825250,-18740000,4,34.0
269,2005,18,34,-22,28,50,8,10,20,29.33,2970000,990000,24.58,21420000,1790000,25.2,23510000,2350000,26.0,37940000,4740000,/birmingham-city/startseite/verein/337/saison_id/2005,7290000,7160000,27392,birmingham city,26.2775,21460000,2467500,-130000,4,37.0
270,2010,19,39,-23,55,78,10,9,19,25.2,1620000,324000,21.5,7110000,508000,21.08,10670000,889000,25.86,14900000,1060000,/fc-blackpool/startseite/verein/1181/saison_id/2010,5150000,630000,15780,blackpool,23.41,8575000,695250,-4520000,1,39.0
271,2009,20,28,-32,34,66,7,7,24,28.4,4050000,810000,24.72,32810000,1820000,25.55,29250000,2660000,25.09,23760000,2160000,/fc-portsmouth/startseite/verein/1020/saison_id/2009,9500000,46850000,18249,portsmouth,25.94,22467500,1862500,37350000,5,41.0
272,2008,14,41,-19,38,57,10,11,17,28.33,5220000,1740000,26.77,44100000,3390000,26.6,37080000,3710000,26.0,50450000,5040000,/fc-portsmouth/startseite/verein/1020/saison_id/2008,25380000,48740000,19830,portsmouth,26.925,34212500,3470000,23360000,5,57.0
273,2007,8,57,8,48,40,16,9,13,27.33,4320000,1440000,26.33,35190000,2930000,24.36,33440000,3040000,24.0,34290000,4290000,/fc-portsmouth/startseite/verein/1020/saison_id/2007,52780000,21040000,19914,portsmouth,25.505,26810000,2925000,-31740000,5,54.0
274,2006,9,54,3,45,42,14,12,12,31.67,4950000,1650000,27.89,30740000,3420000,23.6,23000000,2300000,26.88,23310000,2910000,/fc-portsmouth/startseite/verein/1020/saison_id/2006,8190000,1130000,19862,portsmouth,27.51,20500000,2570000,-7060000,5,38.0
275,2005,17,38,-25,37,62,10,8,20,28.0,4840000,968000,26.63,17640000,2210000,25.55,31640000,2880000,25.17,27630000,2300000,/fc-portsmouth/startseite/verein/1020/saison_id/2005,14830000,8910000,19840,portsmouth,26.3375,20437500,2089500,-5920000,5,41.0
276,2007,20,11,-69,20,89,1,8,29,23.75,3870000,968000,26.53,14730000,867000,25.78,11970000,1330000,25.18,14940000,1360000,/derby-county/startseite/verein/22/saison_id/2007,20410000,4710000,32432,derby county,25.31,11377500,1131250,-15700000,1,11.0
277,2006,18,38,-23,32,55,10,8,20,28.25,3600000,900000,26.94,11570000,680000,23.5,4680000,468000,23.83,12020000,1000000,/sheffield-united/startseite/verein/350/saison_id/2006,16220000,2990000,30512,sheffield united,25.63,7967500,762000,-13230000,1,38.0
278,2006,19,34,-26,34,60,8,10,20,23.0,4120000,824000,25.75,23090000,1920000,24.17,21330000,1780000,25.0,20900000,2610000,/charlton-athletic/startseite/verein/358/saison_id/2006,19490000,2050000,26195,charlton athletic,24.48,17360000,1783500,-17440000,2,47.0
279,2005,13,47,-14,41,55,13,8,17,26.5,4050000,1010000,24.42,17190000,1430000,26.57,19260000,2750000,24.23,26980000,2080000,/charlton-athletic/startseite/verein/358/saison_id/2005,8190000,5140000,26196,charlton athletic,25.43,16870000,1817500,-3050000,2,40.5
